#
# There is insufficient memory for the Java Runtime Environment to continue.
# Native memory allocation (malloc) failed to allocate 102096 bytes for Chunk::new
# Possible reasons:
#   The system is out of physical RAM or swap space
#   The process is running with CompressedOops enabled, and the Java Heap may be blocking the growth of the native heap
# Possible solutions:
#   Reduce memory load on the system
#   Increase physical memory or swap space
#   Check if swap backing store is full
#   Decrease Java heap size (-Xmx/-Xms)
#   Decrease number of Java threads
#   Decrease Java thread stack sizes (-Xss)
#   Set larger code cache with -XX:ReservedCodeCacheSize=
#   JVM is running with Unscaled Compressed Oops mode in which the Java heap is
#     placed in the first 4GB address space. The Java Heap base address is the
#     maximum limit for the native heap growth. Please use -XX:HeapBaseMinAddress
#     to set the Java Heap base and to place the Java Heap above 4GB virtual address.
# This output file may be truncated or incomplete.
#
#  Out of Memory Error (arena.cpp:189), pid=40752, tid=740
#
# JRE version: Java(TM) SE Runtime Environment (17.0.12+8) (build 17.0.12+8-LTS-286)
# Java VM: Java HotSpot(TM) 64-Bit Server VM (17.0.12+8-LTS-286, mixed mode, sharing, tiered, compressed oops, compressed class ptrs, g1 gc, windows-amd64)
# No core dump will be written. Minidumps are not enabled by default on client versions of Windows
#

---------------  S U M M A R Y ------------

Command Line: --add-opens=java.base/java.lang=ALL-UNNAMED --add-opens=java.base/java.lang.invoke=ALL-UNNAMED --add-opens=java.base/java.util=ALL-UNNAMED --add-opens=java.prefs/java.util.prefs=ALL-UNNAMED --add-exports=jdk.compiler/com.sun.tools.javac.api=ALL-UNNAMED --add-exports=jdk.compiler/com.sun.tools.javac.util=ALL-UNNAMED --add-opens=java.base/java.util=ALL-UNNAMED --add-opens=java.prefs/java.util.prefs=ALL-UNNAMED --add-opens=java.base/java.nio.charset=ALL-UNNAMED --add-opens=java.base/java.net=ALL-UNNAMED --add-opens=java.base/java.util.concurrent.atomic=ALL-UNNAMED --add-opens=java.xml/javax.xml.namespace=ALL-UNNAMED -Xmx2048m -Dfile.encoding=UTF-8 -Duser.country=CN -Duser.language=zh -Duser.variant -javaagent:C:\Users\27302\.gradle\wrapper\dists\gradle-8.14.5-bin\690y85m0j9nfaub7xoiayko8a\gradle-8.14.5\lib\agents\gradle-instrumentation-agent-8.14.5.jar org.gradle.launcher.daemon.bootstrap.GradleDaemon 8.14.5

Host: 13th Gen Intel(R) Core(TM) i9-13900HX, 32 cores, 15G,  Windows 11 , 64 bit Build 26100 (10.0.26100.8972)
Time: Mon Aug  3 13:51:39 2026  Windows 11 , 64 bit Build 26100 (10.0.26100.8972) elapsed time: 4396.804286 seconds (0d 1h 13m 16s)

---------------  T H R E A D  ---------------

Current thread (0x000001e8fb05ef50):  JavaThread "C2 CompilerThread0" daemon [_thread_in_native, id=740, stack(0x000000454d000000,0x000000454d100000)]


Current CompileTask:
C2:4396804 94897 %     4       java.io.OutputStream::write @ 11 (34 bytes)

Stack: [0x000000454d000000,0x000000454d100000]
Native frames: (J=compiled Java code, j=interpreted, Vv=VM code, C=native code)
V  [jvm.dll+0x67a04a]
V  [jvm.dll+0x7da4ed]
V  [jvm.dll+0x7dbe33]
V  [jvm.dll+0x7dc4a3]
V  [jvm.dll+0x24508f]
V  [jvm.dll+0xab773]
V  [jvm.dll+0xabd3c]
V  [jvm.dll+0x361bee]
V  [jvm.dll+0x1ba2d5]
V  [jvm.dll+0x216997]
V  [jvm.dll+0x215c6f]
V  [jvm.dll+0x1a2960]
V  [jvm.dll+0x22610b]
V  [jvm.dll+0x2242ab]
V  [jvm.dll+0x79075c]
V  [jvm.dll+0x78abea]
V  [jvm.dll+0x678f35]
C  [ucrtbase.dll+0x2cd30]
C  [KERNEL32.DLL+0x2ccb7]
C  [ntdll.dll+0xaad6c]


---------------  P R O C E S S  ---------------

Threads class SMR info:
_java_thread_list=0x000001e8fe923510, length=362, elements={
0x000001e8eabd5ad0, 0x000001e8fb041590, 0x000001e8fb042060, 0x000001e8fb05a8d0,
0x000001e8fb05d1b0, 0x000001e8fb05da80, 0x000001e8fb05e350, 0x000001e8fb05ef50,
0x000001e8fb071fb0, 0x000001e8fb063880, 0x000001e8fc104b50, 0x000001e8fc1069b0,
0x000001e8fc103c20, 0x000001e8fc105f90, 0x000001e8fc106ec0, 0x000001e8fd568ba0,
0x000001e8fd56a4f0, 0x000001e8fd569ad0, 0x000001e8fd5695c0, 0x000001e8fd568180,
0x000001e8ff4e3d00, 0x000001e8ff4e32e0, 0x000001e8ff4e4c30, 0x000001e8ff4e1990,
0x000001e8ff6e37c0, 0x000001e8d6691b40, 0x000001e9123ce980, 0x000001e8fca22ac0,
0x000001e9123cdf60, 0x000001e8df574f00, 0x000001e8df575410, 0x000001e8db4e4a20,
0x000001e8ff4e6a90, 0x000001e8d95c98a0, 0x000001e9123ce470, 0x000001e8ff4e6fa0,
0x000001e8d95ca7d0, 0x000001e915d8dae0, 0x000001e8db4e5950, 0x000001e915d8dff0,
0x000001e8db4e2bc0, 0x000001e8d95cace0, 0x000001e8ff6e5620, 0x000001e915d8e500,
0x000001e8db73c9a0, 0x000001e8d95c7530, 0x000001e914e93760, 0x000001e8d95c7a40,
0x000001e914e94690, 0x000001e8ff4e79c0, 0x000001e8dc7c5b90, 0x000001e916ea7000,
0x000001e8da7e2d60, 0x000001e8ffdc7df0, 0x000001e8fdb91350, 0x000001e8dc5b8210,
0x000001e8d66cd6d0, 0x000001e8d66ce0f0, 0x000001e913ab10a0, 0x000001e913aaed30,
0x000001e913aaf750, 0x000001e8dc5b68c0, 0x000001e8dc5b72e0, 0x000001e8dc5b77f0,
0x000001e8dc5b8720, 0x000001e8dc5b63b0, 0x000001e8dc5b8c30, 0x000001e8dc5b6dd0,
0x000001e8dc5b9140, 0x000001e8dc5b9650, 0x000001e8db9ffca0, 0x000001e8dba015f0,
0x000001e8dba02520, 0x000001e8e782db50, 0x000001e8e782f4a0, 0x000001e8e782ef90,
0x000001e8e782e570, 0x000001e8e782f9b0, 0x000001e8e782fec0, 0x000001e8e78303d0,
0x000001e8e78308e0, 0x000001e8e7a69af0, 0x000001e8e7a695e0, 0x000001e8e7a690d0,
0x000001e8fdb75a50, 0x000001e8fdb75540, 0x000001e8fdb76e90, 0x000001e8fdb77dc0,
0x000001e8fdb76980, 0x000001e8fdb75f60, 0x000001e8fdb773a0, 0x000001e8fdb74b20,
0x000001e8fdb74610, 0x000001e8fdb75030, 0x000001e8fdb76470, 0x000001e8fdb778b0,
0x000001e8d8c52340, 0x000001e8db4e4510, 0x000001e8db4e5e60, 0x000001e8db4e4f30,
0x000001e8db4e5440, 0x000001e8db4e3af0, 0x000001e8db4e26b0, 0x000001e8db4e30d0,
0x000001e8db4e4000, 0x000001e8db4e35e0, 0x000001e912973320, 0x000001e9129719d0,
0x000001e9129714c0, 0x000001e912972e10, 0x000001e912973830, 0x000001e912973d40,
0x000001e912971ee0, 0x000001e9129723f0, 0x000001e912970590, 0x000001e912970fb0,
0x000001e912972900, 0x000001e8da0daa30, 0x000001e8da0d86c0, 0x000001e8da0da010,
0x000001e8da0d8bd0, 0x000001e8da0d9b00, 0x000001e8da0daf40, 0x000001e8da0d90e0,
0x000001e8da0db450, 0x000001e8da0d7ca0, 0x000001e915d8ea10, 0x000001e915d8ef20,
0x000001e915d8d5d0, 0x000001e915d8f940, 0x000001e915d8c190, 0x000001e8dd7e6f90,
0x000001e8dd7e7ec0, 0x000001e8dd7e74a0, 0x000001e8dd7e6570, 0x000001e8dd7e6060,
0x000001e8dd7e6a80, 0x000001e8dd7e88e0, 0x000001e8dd7e79b0, 0x000001e8dd7e9810,
0x000001e8dd7e83d0, 0x000001e8dd7e8df0, 0x000001e8dd7e9300, 0x000001e8d7e61080,
0x000001e8d66ceb10, 0x000001e8d7e64320, 0x000001e8d7e63900, 0x000001e8d7e633f0,
0x000001e8d7e61590, 0x000001e8d7e624c0, 0x000001e8d7e63e10, 0x000001e8d7e61aa0,
0x000001e8d7e60b70, 0x000001e8d7e629d0, 0x000001e8d7e61fb0, 0x000001e8da97b4a0,
0x000001e8da97af90, 0x000001e8da97a570, 0x000001e916038290, 0x000001e916039be0,
0x000001e91603a0f0, 0x000001e8da0d81b0, 0x000001e8da0da520, 0x000001e916ea4270,
0x000001e916ea3850, 0x000001e916ea3d60, 0x000001e916ea65e0, 0x000001e916ea4780,
0x000001e916ea6af0, 0x000001e916ea60d0, 0x000001e916ea4c90, 0x000001e91603ab10,
0x000001e9160387a0, 0x000001e8d8c4eb90, 0x000001e8d8c4f0a0, 0x000001e8d8c509f0,
0x000001e8d8c51920, 0x000001e8d8c4fac0, 0x000001e8d8c4ffd0, 0x000001e8d8c51e30,
0x000001e8d8c4f5b0, 0x000001e8d8c504e0, 0x000001e8d8c50f00, 0x000001e8d8c51410,
0x000001e8febf3ce0, 0x000001e8febf32c0, 0x000001e8d4c39720, 0x000001e8d4c3bfa0,
0x000001e916ea56b0, 0x000001e916ea5bc0, 0x000001e8e5a647a0, 0x000001e8e5a63360,
0x000001e8e5a63870, 0x000001e8e5a651c0, 0x000001e8e5a64290, 0x000001e8e5a65be0,
0x000001e8e5a64cb0, 0x000001e8e5a656d0, 0x000001e8df5749f0, 0x000001e8df575920,
0x000001e8df577780, 0x000001e8df573fd0, 0x000001e8df5744e0, 0x000001e8df577270,
0x000001e8df575e30, 0x000001e8df576340, 0x000001e8da218b10, 0x000001e8da2171c0,
0x000001e8da216290, 0x000001e8da219020, 0x000001e8da216cb0, 0x000001e8da2176d0,
0x000001e8da219a40, 0x000001e8dbf79330, 0x000001e8dbf77ef0, 0x000001e8dbf79840,
0x000001e8dbf78400, 0x000001e8dbf78e20, 0x000001e8dbf7a260, 0x000001e8dbf79d50,
0x000001e8d59c6f90, 0x000001e8d59c6570, 0x000001e8d59c6a80, 0x000001e8d59c5640,
0x000001e8d59c5b50, 0x000001e9155506d0, 0x000001e915552a40, 0x000001e91554f290,
0x000001e91554fcb0, 0x000001e9155501c0, 0x000001e915550be0, 0x000001e91554f7a0,
0x000001e915551600, 0x000001e9155510f0, 0x000001e915552530, 0x000001e915551b10,
0x000001e915552020, 0x000001e91e6cf2e0, 0x000001e91e6cf7f0, 0x000001e91e6cd990,
0x000001e91e6ccf70, 0x000001e91e6cedd0, 0x000001e91e6cc550, 0x000001e91e6cdea0,
0x000001e91e6ce3b0, 0x000001e91e6ce8c0, 0x000001e91e6cca60, 0x000001e91e6cc040,
0x000001e91e6cfd00, 0x000001e91e6d0210, 0x000001e9104a7b80, 0x000001e91e6d0720,
0x000001e91e6d0c30, 0x000001e8e7830df0, 0x000001e8e7831300, 0x000001e8e782e060,
0x000001e8faf9f3a0, 0x000001e8faf9df60, 0x000001e8faf9bbf0, 0x000001e8faf9e470,
0x000001e8faf9d030, 0x000001e8faf9e980, 0x000001e8faf9ee90, 0x000001e8faf9c100,
0x000001e8faf9c610, 0x000001e8faf9cb20, 0x000001e8db739c10, 0x000001e8db73ba70,
0x000001e8db73c490, 0x000001e8db739700, 0x000001e8db73a120, 0x000001e8db73a630,
0x000001e8febf41f0, 0x000001e8febf37d0, 0x000001e8febf4700, 0x000001e8febf4c10,
0x000001e8febf5120, 0x000001e8febf5630, 0x000001e8febf6050, 0x000001e8febf5b40,
0x000001e8febf6560, 0x000001e8febf6a70, 0x000001e8d4c39c30, 0x000001e8d4c38d00,
0x000001e8d4c3a650, 0x000001e8d4c3b580, 0x000001e9160391c0, 0x000001e91603a600,
0x000001e9160396d0, 0x000001e916037360, 0x000001e916037870, 0x000001e916038cb0,
0x000001e9103e14a0, 0x000001e9103e1ec0, 0x000001e9103e0060, 0x000001e9103e3810,
0x000001e9103e23d0, 0x000001e9103e28e0, 0x000001e9103e0570, 0x000001e91e6cd480,
0x000001e91e6d2a90, 0x000001e91e6d1b60, 0x000001e91e6d1140, 0x000001e91e6d2fa0,
0x000001e91e6d2070, 0x000001e91e6d1650, 0x000001e91e6d2580, 0x000001e91e6d34b0,
0x000001e91e6d39c0, 0x000001e8d8349db0, 0x000001e8d83498a0, 0x000001e8d834a7d0,
0x000001e8d834a2c0, 0x000001e8d4c3b070, 0x000001e913ab15b0, 0x000001e8febdd660,
0x000001e8febde590, 0x000001e8febdbd10, 0x000001e8febdb2f0, 0x000001e8febdb800,
0x000001e8febdc220, 0x000001e8febddb70, 0x000001e8febdd150, 0x000001e8febdcc40,
0x000001e8febde080, 0x000001e8fc1b5470, 0x000001e8d819b7f0, 0x000001e8d8198a60,
0x000001e8d819a3b0, 0x000001e8d8198f70, 0x000001e8d8199480, 0x000001e8d819a8c0,
0x000001e8d819add0, 0x000001e8d8199ea0, 0x000001e8d8199990, 0x000001e8d819b2e0,
0x000001e8d819bd00, 0x000001e8d8198550, 0x000001e914e08b80, 0x000001e914e0a4d0,
0x000001e914e08670, 0x000001e914e09fc0, 0x000001e914e09090, 0x000001e914e0a9e0,
0x000001e914e0aef0, 0x000001e914e07740, 0x000001e8de93b350, 0x000001e8de93b860,
0x000001e8de9394f0, 0x000001e8de93a420, 0x000001e8de93a930, 0x000001e8de93ae40,
0x000001e8de938ad0, 0x000001e8de938fe0, 0x000001e8de93bd70, 0x000001e8de9385c0,
0x000001e8de939a00, 0x000001e8dd3694b0, 0x000001e8d6fd0f10, 0x000001e8d834c120,
0x000001e8d834b700, 0x000001e8d834ace0
}

Java Threads: ( => current thread )
  0x000001e8eabd5ad0 JavaThread "main" [_thread_blocked, id=4676, stack(0x000000454c300000,0x000000454c400000)]
  0x000001e8fb041590 JavaThread "Reference Handler" daemon [_thread_blocked, id=24072, stack(0x000000454ca00000,0x000000454cb00000)]
  0x000001e8fb042060 JavaThread "Finalizer" daemon [_thread_blocked, id=33204, stack(0x000000454cb00000,0x000000454cc00000)]
  0x000001e8fb05a8d0 JavaThread "Signal Dispatcher" daemon [_thread_blocked, id=42856, stack(0x000000454cc00000,0x000000454cd00000)]
  0x000001e8fb05d1b0 JavaThread "Attach Listener" daemon [_thread_blocked, id=21528, stack(0x000000454cd00000,0x000000454ce00000)]
  0x000001e8fb05da80 JavaThread "Service Thread" daemon [_thread_blocked, id=36736, stack(0x000000454ce00000,0x000000454cf00000)]
  0x000001e8fb05e350 JavaThread "Monitor Deflation Thread" daemon [_thread_blocked, id=43952, stack(0x000000454cf00000,0x000000454d000000)]
=>0x000001e8fb05ef50 JavaThread "C2 CompilerThread0" daemon [_thread_in_native, id=740, stack(0x000000454d000000,0x000000454d100000)]
  0x000001e8fb071fb0 JavaThread "C1 CompilerThread0" daemon [_thread_blocked, id=28740, stack(0x000000454d100000,0x000000454d200000)]
  0x000001e8fb063880 JavaThread "Sweeper thread" daemon [_thread_blocked, id=23260, stack(0x000000454d200000,0x000000454d300000)]
  0x000001e8fc104b50 JavaThread "Common-Cleaner" daemon [_thread_blocked, id=42812, stack(0x000000454d300000,0x000000454d400000)]
  0x000001e8fc1069b0 JavaThread "Notification Thread" daemon [_thread_blocked, id=24160, stack(0x000000454d900000,0x000000454da00000)]
  0x000001e8fc103c20 JavaThread "Daemon health stats" [_thread_blocked, id=43240, stack(0x000000454e100000,0x000000454e200000)]
  0x000001e8fc105f90 JavaThread "Incoming local TCP Connector on port 55414" [_thread_in_native, id=27748, stack(0x000000454e200000,0x000000454e300000)]
  0x000001e8fc106ec0 JavaThread "Daemon periodic checks" [_thread_blocked, id=5808, stack(0x000000454e300000,0x000000454e400000)]
  0x000001e8fd568ba0 JavaThread "Cache worker for journal cache (C:\Users\27302\.gradle\caches\journal-1)" [_thread_blocked, id=36704, stack(0x000000454fb00000,0x000000454fc00000)]
  0x000001e8fd56a4f0 JavaThread "File lock request listener" [_thread_in_native, id=18676, stack(0x000000454fc00000,0x000000454fd00000)]
  0x000001e8fd569ad0 JavaThread "Cache worker for file hash cache (C:\Users\27302\.gradle\caches\8.14.5\fileHashes)" [_thread_blocked, id=37680, stack(0x000000454fd00000,0x000000454fe00000)]
  0x000001e8fd5695c0 JavaThread "File watcher server" daemon [_thread_in_native, id=3532, stack(0x0000004550800000,0x0000004550900000)]
  0x000001e8fd568180 JavaThread "File watcher consumer" daemon [_thread_blocked, id=24264, stack(0x0000004550900000,0x0000004550a00000)]
  0x000001e8ff4e3d00 JavaThread "jar transforms" [_thread_blocked, id=17160, stack(0x0000004550b00000,0x0000004550c00000)]
  0x000001e8ff4e32e0 JavaThread "jar transforms Thread 2" [_thread_blocked, id=13748, stack(0x0000004550c00000,0x0000004550d00000)]
  0x000001e8ff4e4c30 JavaThread "Cache worker for file content cache (C:\Users\27302\.gradle\caches\8.14.5\fileContent)" [_thread_blocked, id=8132, stack(0x0000004550e00000,0x0000004550f00000)]
  0x000001e8ff4e1990 JavaThread "Memory manager" [_thread_blocked, id=44800, stack(0x0000004551100000,0x0000004551200000)]
  0x000001e8ff6e37c0 JavaThread "RMI Scheduler(0)" daemon [_thread_blocked, id=34108, stack(0x000000455f800000,0x000000455f900000)]
  0x000001e8d6691b40 JavaThread "Cache worker for Java compile cache (C:\Users\27302\.gradle\caches\8.14.5\javaCompile)" [_thread_blocked, id=34892, stack(0x0000004567900000,0x0000004567a00000)]
  0x000001e9123ce980 JavaThread "ForkJoinPool.commonPool-worker-9" daemon [_thread_blocked, id=12636, stack(0x000000456c700000,0x000000456c800000)]
  0x000001e8fca22ac0 JavaThread "ForkJoinPool.commonPool-worker-10" daemon [_thread_blocked, id=14636, stack(0x000000456c800000,0x000000456c900000)]
  0x000001e9123cdf60 JavaThread "ForkJoinPool.commonPool-worker-11" daemon [_thread_blocked, id=35612, stack(0x000000456c900000,0x000000456ca00000)]
  0x000001e8df574f00 JavaThread "ForkJoinPool.commonPool-worker-14" daemon [_thread_blocked, id=44788, stack(0x000000456cb00000,0x000000456cc00000)]
  0x000001e8df575410 JavaThread "ForkJoinPool.commonPool-worker-15" daemon [_thread_blocked, id=25696, stack(0x000000456cc00000,0x000000456cd00000)]
  0x000001e8db4e4a20 JavaThread "ForkJoinPool.commonPool-worker-16" daemon [_thread_blocked, id=28320, stack(0x000000456cd00000,0x000000456ce00000)]
  0x000001e8ff4e6a90 JavaThread "ForkJoinPool.commonPool-worker-17" daemon [_thread_blocked, id=37608, stack(0x000000456ce00000,0x000000456cf00000)]
  0x000001e8d95c98a0 JavaThread "ForkJoinPool.commonPool-worker-18" daemon [_thread_blocked, id=23044, stack(0x000000456cf00000,0x000000456d000000)]
  0x000001e9123ce470 JavaThread "ForkJoinPool.commonPool-worker-19" daemon [_thread_blocked, id=1432, stack(0x000000456d000000,0x000000456d100000)]
  0x000001e8ff4e6fa0 JavaThread "ForkJoinPool.commonPool-worker-20" daemon [_thread_blocked, id=43884, stack(0x000000456d100000,0x000000456d200000)]
  0x000001e8d95ca7d0 JavaThread "ForkJoinPool.commonPool-worker-21" daemon [_thread_blocked, id=38728, stack(0x000000456d200000,0x000000456d300000)]
  0x000001e915d8dae0 JavaThread "ForkJoinPool.commonPool-worker-22" daemon [_thread_blocked, id=42088, stack(0x000000456d300000,0x000000456d400000)]
  0x000001e8db4e5950 JavaThread "ForkJoinPool.commonPool-worker-23" daemon [_thread_blocked, id=43176, stack(0x000000456d400000,0x000000456d500000)]
  0x000001e915d8dff0 JavaThread "ForkJoinPool.commonPool-worker-24" daemon [_thread_blocked, id=5676, stack(0x000000456d900000,0x000000456da00000)]
  0x000001e8db4e2bc0 JavaThread "ForkJoinPool.commonPool-worker-25" daemon [_thread_blocked, id=41692, stack(0x000000456da00000,0x000000456db00000)]
  0x000001e8d95cace0 JavaThread "ForkJoinPool.commonPool-worker-26" daemon [_thread_blocked, id=19964, stack(0x000000456db00000,0x000000456dc00000)]
  0x000001e8ff6e5620 JavaThread "ForkJoinPool.commonPool-worker-27" daemon [_thread_blocked, id=44124, stack(0x000000456dc00000,0x000000456dd00000)]
  0x000001e915d8e500 JavaThread "ForkJoinPool.commonPool-worker-30" daemon [_thread_blocked, id=16964, stack(0x000000456df00000,0x000000456e000000)]
  0x000001e8db73c9a0 JavaThread "ForkJoinPool.commonPool-worker-31" daemon [_thread_blocked, id=44576, stack(0x000000456e000000,0x000000456e100000)]
  0x000001e8d95c7530 JavaThread "ForkJoinPool.commonPool-worker-32" daemon [_thread_blocked, id=40536, stack(0x000000456e100000,0x000000456e200000)]
  0x000001e914e93760 JavaThread "ForkJoinPool.commonPool-worker-33" daemon [_thread_blocked, id=17280, stack(0x000000456e200000,0x000000456e300000)]
  0x000001e8d95c7a40 JavaThread "ForkJoinPool.commonPool-worker-34" daemon [_thread_blocked, id=44580, stack(0x000000456e300000,0x000000456e400000)]
  0x000001e914e94690 JavaThread "ForkJoinPool.commonPool-worker-35" daemon [_thread_blocked, id=44696, stack(0x000000456e400000,0x000000456e500000)]
  0x000001e8ff4e79c0 JavaThread "ForkJoinPool.commonPool-worker-36" daemon [_thread_blocked, id=5892, stack(0x000000456e500000,0x000000456e600000)]
  0x000001e8dc7c5b90 JavaThread "ForkJoinPool.commonPool-worker-37" daemon [_thread_blocked, id=38348, stack(0x000000456e600000,0x000000456e700000)]
  0x000001e916ea7000 JavaThread "ForkJoinPool.commonPool-worker-38" daemon [_thread_blocked, id=20088, stack(0x000000456e700000,0x000000456e800000)]
  0x000001e8da7e2d60 JavaThread "Daemon Thread 6" [_thread_blocked, id=28480, stack(0x000000454c000000,0x000000454c100000)]
  0x000001e8ffdc7df0 JavaThread "Daemon worker Thread 6" [_thread_blocked, id=23632, stack(0x000000454d400000,0x000000454d500000)]
  0x000001e8fdb91350 JavaThread "included builds" [_thread_blocked, id=44396, stack(0x0000004553f00000,0x0000004554000000)]
  0x000001e8dc5b8210 JavaThread "Exec process Thread 13" [_thread_in_native, id=37492, stack(0x0000004564000000,0x0000004564100000)]
  0x000001e8d66cd6d0 JavaThread "Exec process Thread 14" [_thread_in_native, id=42728, stack(0x0000004564100000,0x0000004564200000)]
  0x000001e8d66ce0f0 JavaThread "Exec process Thread 15" [_thread_in_native, id=40096, stack(0x0000004564200000,0x0000004564300000)]
  0x000001e913ab10a0 JavaThread "VFS cleanup Thread 6" [_thread_blocked, id=37760, stack(0x000000454d500000,0x000000454d600000)]
  0x000001e913aaed30 JavaThread "Handler for socket connection from /127.0.0.1:55414 to /127.0.0.1:57983" [_thread_in_native, id=35520, stack(0x000000454c100000,0x000000454c200000)]
  0x000001e913aaf750 JavaThread "Cancel handler" [_thread_blocked, id=44716, stack(0x000000454c200000,0x000000454c300000)]
  0x000001e8dc5b68c0 JavaThread "Asynchronous log dispatcher for DefaultDaemonConnection: socket connection from /127.0.0.1:55414 to /127.0.0.1:57983" [_thread_blocked, id=34224, stack(0x000000454d600000,0x000000454d700000)]
  0x000001e8dc5b72e0 JavaThread "Stdin handler" [_thread_blocked, id=41708, stack(0x000000454d700000,0x000000454d800000)]
  0x000001e8dc5b77f0 JavaThread "Daemon client event forwarder" [_thread_blocked, id=44128, stack(0x000000454d800000,0x000000454d900000)]
  0x000001e8dc5b8720 JavaThread "Cache worker for file hash cache (D:\Workspace\RustWork\Test-Wry\gen\android\.gradle\8.14.5\fileHashes)" [_thread_blocked, id=18872, stack(0x000000454db00000,0x000000454dc00000)]
  0x000001e8dc5b63b0 JavaThread "Cache worker for Build Output Cleanup Cache (D:\Workspace\RustWork\Test-Wry\gen\android\.gradle\buildOutputCleanup)" [_thread_blocked, id=18740, stack(0x000000454e400000,0x000000454e500000)]
  0x000001e8dc5b8c30 JavaThread "Cache worker for Build Output Cleanup Cache (D:\Workspace\RustWork\Test-Wry\gen\android\buildSrc\.gradle\buildOutputCleanup)" [_thread_blocked, id=29480, stack(0x000000454e500000,0x000000454e600000)]
  0x000001e8dc5b6dd0 JavaThread "Cache worker for checksums cache (D:\Workspace\RustWork\Test-Wry\gen\android\.gradle\8.14.5\checksums)" [_thread_blocked, id=7916, stack(0x000000454e600000,0x000000454e700000)]
  0x000001e8dc5b9140 JavaThread "Cache worker for cache directory md-supplier (C:\Users\27302\.gradle\caches\8.14.5\md-supplier)" [_thread_blocked, id=44148, stack(0x000000454e700000,0x000000454e800000)]
  0x000001e8dc5b9650 JavaThread "Cache worker for cache directory md-rule (C:\Users\27302\.gradle\caches\8.14.5\md-rule)" [_thread_blocked, id=43540, stack(0x000000454e800000,0x000000454e900000)]
  0x000001e8db9ffca0 JavaThread "Unconstrained build operations" [_thread_blocked, id=24684, stack(0x000000454e900000,0x000000454ea00000)]
  0x000001e8dba015f0 JavaThread "Unconstrained build operations Thread 2" [_thread_blocked, id=43336, stack(0x000000454ea00000,0x000000454eb00000)]
  0x000001e8dba02520 JavaThread "Unconstrained build operations Thread 3" [_thread_blocked, id=33956, stack(0x000000454fe00000,0x000000454ff00000)]
  0x000001e8e782db50 JavaThread "Unconstrained build operations Thread 4" [_thread_blocked, id=19912, stack(0x000000454ff00000,0x0000004550000000)]
  0x000001e8e782f4a0 JavaThread "Unconstrained build operations Thread 5" [_thread_blocked, id=38664, stack(0x0000004550000000,0x0000004550100000)]
  0x000001e8e782ef90 JavaThread "Unconstrained build operations Thread 6" [_thread_blocked, id=38648, stack(0x0000004550700000,0x0000004550800000)]
  0x000001e8e782e570 JavaThread "Unconstrained build operations Thread 7" [_thread_blocked, id=10768, stack(0x0000004550a00000,0x0000004550b00000)]
  0x000001e8e782f9b0 JavaThread "Unconstrained build operations Thread 8" [_thread_blocked, id=37648, stack(0x0000004550d00000,0x0000004550e00000)]
  0x000001e8e782fec0 JavaThread "Unconstrained build operations Thread 9" [_thread_blocked, id=30376, stack(0x0000004550f00000,0x0000004551000000)]
  0x000001e8e78303d0 JavaThread "Unconstrained build operations Thread 10" [_thread_blocked, id=37024, stack(0x0000004551000000,0x0000004551100000)]
  0x000001e8e78308e0 JavaThread "Unconstrained build operations Thread 11" [_thread_blocked, id=35912, stack(0x0000004551200000,0x0000004551300000)]
  0x000001e8e7a69af0 JavaThread "Unconstrained build operations Thread 12" [_thread_blocked, id=14576, stack(0x0000004551300000,0x0000004551400000)]
  0x000001e8e7a695e0 JavaThread "Unconstrained build operations Thread 13" [_thread_blocked, id=17760, stack(0x0000004551400000,0x0000004551500000)]
  0x000001e8e7a690d0 JavaThread "Unconstrained build operations Thread 14" [_thread_blocked, id=11344, stack(0x0000004551500000,0x0000004551600000)]
  0x000001e8fdb75a50 JavaThread "Unconstrained build operations Thread 15" [_thread_blocked, id=7152, stack(0x0000004551600000,0x0000004551700000)]
  0x000001e8fdb75540 JavaThread "Unconstrained build operations Thread 16" [_thread_blocked, id=38808, stack(0x0000004551700000,0x0000004551800000)]
  0x000001e8fdb76e90 JavaThread "Unconstrained build operations Thread 17" [_thread_blocked, id=40492, stack(0x0000004551800000,0x0000004551900000)]
  0x000001e8fdb77dc0 JavaThread "Unconstrained build operations Thread 18" [_thread_blocked, id=35892, stack(0x0000004551900000,0x0000004551a00000)]
  0x000001e8fdb76980 JavaThread "Unconstrained build operations Thread 19" [_thread_blocked, id=40980, stack(0x0000004551a00000,0x0000004551b00000)]
  0x000001e8fdb75f60 JavaThread "Unconstrained build operations Thread 20" [_thread_blocked, id=42548, stack(0x0000004551b00000,0x0000004551c00000)]
  0x000001e8fdb773a0 JavaThread "Unconstrained build operations Thread 21" [_thread_blocked, id=32772, stack(0x0000004551c00000,0x0000004551d00000)]
  0x000001e8fdb74b20 JavaThread "Unconstrained build operations Thread 22" [_thread_blocked, id=9168, stack(0x0000004551d00000,0x0000004551e00000)]
  0x000001e8fdb74610 JavaThread "Unconstrained build operations Thread 23" [_thread_blocked, id=11676, stack(0x0000004551e00000,0x0000004551f00000)]
  0x000001e8fdb75030 JavaThread "Unconstrained build operations Thread 24" [_thread_blocked, id=43532, stack(0x0000004551f00000,0x0000004552000000)]
  0x000001e8fdb76470 JavaThread "Unconstrained build operations Thread 25" [_thread_blocked, id=20464, stack(0x0000004552000000,0x0000004552100000)]
  0x000001e8fdb778b0 JavaThread "Unconstrained build operations Thread 26" [_thread_blocked, id=35296, stack(0x0000004552100000,0x0000004552200000)]
  0x000001e8d8c52340 JavaThread "Unconstrained build operations Thread 27" [_thread_blocked, id=30064, stack(0x0000004552200000,0x0000004552300000)]
  0x000001e8db4e4510 JavaThread "Unconstrained build operations Thread 28" [_thread_blocked, id=18672, stack(0x0000004552300000,0x0000004552400000)]
  0x000001e8db4e5e60 JavaThread "Unconstrained build operations Thread 29" [_thread_blocked, id=23356, stack(0x0000004552400000,0x0000004552500000)]
  0x000001e8db4e4f30 JavaThread "Unconstrained build operations Thread 30" [_thread_blocked, id=37384, stack(0x0000004552500000,0x0000004552600000)]
  0x000001e8db4e5440 JavaThread "Unconstrained build operations Thread 31" [_thread_blocked, id=43032, stack(0x0000004552600000,0x0000004552700000)]
  0x000001e8db4e3af0 JavaThread "Unconstrained build operations Thread 32" [_thread_blocked, id=41800, stack(0x0000004552700000,0x0000004552800000)]
  0x000001e8db4e26b0 JavaThread "Unconstrained build operations Thread 33" [_thread_blocked, id=43704, stack(0x0000004552800000,0x0000004552900000)]
  0x000001e8db4e30d0 JavaThread "Unconstrained build operations Thread 34" [_thread_blocked, id=24600, stack(0x0000004552900000,0x0000004552a00000)]
  0x000001e8db4e4000 JavaThread "Unconstrained build operations Thread 35" [_thread_blocked, id=40244, stack(0x0000004552a00000,0x0000004552b00000)]
  0x000001e8db4e35e0 JavaThread "Unconstrained build operations Thread 36" [_thread_blocked, id=34020, stack(0x0000004552b00000,0x0000004552c00000)]
  0x000001e912973320 JavaThread "Unconstrained build operations Thread 37" [_thread_blocked, id=32852, stack(0x0000004552c00000,0x0000004552d00000)]
  0x000001e9129719d0 JavaThread "Unconstrained build operations Thread 38" [_thread_blocked, id=33740, stack(0x0000004552d00000,0x0000004552e00000)]
  0x000001e9129714c0 JavaThread "Unconstrained build operations Thread 39" [_thread_blocked, id=27540, stack(0x0000004552e00000,0x0000004552f00000)]
  0x000001e912972e10 JavaThread "Unconstrained build operations Thread 40" [_thread_blocked, id=28164, stack(0x0000004552f00000,0x0000004553000000)]
  0x000001e912973830 JavaThread "Unconstrained build operations Thread 41" [_thread_blocked, id=44116, stack(0x0000004553000000,0x0000004553100000)]
  0x000001e912973d40 JavaThread "Unconstrained build operations Thread 42" [_thread_blocked, id=7920, stack(0x0000004553100000,0x0000004553200000)]
  0x000001e912971ee0 JavaThread "Unconstrained build operations Thread 43" [_thread_blocked, id=39628, stack(0x0000004553200000,0x0000004553300000)]
  0x000001e9129723f0 JavaThread "Unconstrained build operations Thread 44" [_thread_blocked, id=2624, stack(0x0000004553300000,0x0000004553400000)]
  0x000001e912970590 JavaThread "Unconstrained build operations Thread 45" [_thread_blocked, id=44052, stack(0x0000004553400000,0x0000004553500000)]
  0x000001e912970fb0 JavaThread "Unconstrained build operations Thread 46" [_thread_blocked, id=43904, stack(0x0000004553500000,0x0000004553600000)]
  0x000001e912972900 JavaThread "Unconstrained build operations Thread 47" [_thread_blocked, id=1160, stack(0x0000004553600000,0x0000004553700000)]
  0x000001e8da0daa30 JavaThread "Unconstrained build operations Thread 48" [_thread_blocked, id=24292, stack(0x0000004553700000,0x0000004553800000)]
  0x000001e8da0d86c0 JavaThread "Unconstrained build operations Thread 49" [_thread_blocked, id=39464, stack(0x0000004553800000,0x0000004553900000)]
  0x000001e8da0da010 JavaThread "Unconstrained build operations Thread 50" [_thread_blocked, id=2356, stack(0x0000004553900000,0x0000004553a00000)]
  0x000001e8da0d8bd0 JavaThread "Unconstrained build operations Thread 51" [_thread_blocked, id=44748, stack(0x0000004553a00000,0x0000004553b00000)]
  0x000001e8da0d9b00 JavaThread "Unconstrained build operations Thread 52" [_thread_blocked, id=37200, stack(0x0000004553b00000,0x0000004553c00000)]
  0x000001e8da0daf40 JavaThread "Unconstrained build operations Thread 53" [_thread_blocked, id=8052, stack(0x0000004553c00000,0x0000004553d00000)]
  0x000001e8da0d90e0 JavaThread "Unconstrained build operations Thread 54" [_thread_blocked, id=21368, stack(0x0000004553d00000,0x0000004553e00000)]
  0x000001e8da0db450 JavaThread "build event listener" [_thread_blocked, id=13868, stack(0x0000004553e00000,0x0000004553f00000)]
  0x000001e8da0d7ca0 JavaThread "included builds" [_thread_blocked, id=31372, stack(0x0000004554000000,0x0000004554100000)]
  0x000001e915d8ea10 JavaThread "Execution worker" [_thread_blocked, id=33532, stack(0x0000004554100000,0x0000004554200000)]
  0x000001e915d8ef20 JavaThread "Execution worker Thread 2" [_thread_blocked, id=24416, stack(0x0000004554200000,0x0000004554300000)]
  0x000001e915d8d5d0 JavaThread "Execution worker Thread 3" [_thread_blocked, id=24552, stack(0x0000004554300000,0x0000004554400000)]
  0x000001e915d8f940 JavaThread "Execution worker Thread 4" [_thread_blocked, id=33144, stack(0x0000004554400000,0x0000004554500000)]
  0x000001e915d8c190 JavaThread "Execution worker Thread 5" [_thread_blocked, id=36852, stack(0x0000004554500000,0x0000004554600000)]
  0x000001e8dd7e6f90 JavaThread "Execution worker Thread 6" [_thread_blocked, id=27700, stack(0x0000004554600000,0x0000004554700000)]
  0x000001e8dd7e7ec0 JavaThread "Execution worker Thread 7" [_thread_blocked, id=44160, stack(0x0000004554700000,0x0000004554800000)]
  0x000001e8dd7e74a0 JavaThread "Execution worker Thread 8" [_thread_blocked, id=43388, stack(0x0000004554800000,0x0000004554900000)]
  0x000001e8dd7e6570 JavaThread "Execution worker Thread 9" [_thread_blocked, id=14396, stack(0x0000004554900000,0x0000004554a00000)]
  0x000001e8dd7e6060 JavaThread "Execution worker Thread 10" [_thread_blocked, id=38652, stack(0x0000004554a00000,0x0000004554b00000)]
  0x000001e8dd7e6a80 JavaThread "Execution worker Thread 11" [_thread_blocked, id=42532, stack(0x0000004554b00000,0x0000004554c00000)]
  0x000001e8dd7e88e0 JavaThread "Execution worker Thread 12" [_thread_blocked, id=16760, stack(0x0000004554c00000,0x0000004554d00000)]
  0x000001e8dd7e79b0 JavaThread "Execution worker Thread 13" [_thread_blocked, id=30528, stack(0x0000004554d00000,0x0000004554e00000)]
  0x000001e8dd7e9810 JavaThread "Execution worker Thread 14" [_thread_blocked, id=34152, stack(0x0000004554e00000,0x0000004554f00000)]
  0x000001e8dd7e83d0 JavaThread "Execution worker Thread 15" [_thread_blocked, id=37948, stack(0x0000004554f00000,0x0000004555000000)]
  0x000001e8dd7e8df0 JavaThread "Execution worker Thread 16" [_thread_blocked, id=19684, stack(0x0000004555000000,0x0000004555100000)]
  0x000001e8dd7e9300 JavaThread "Execution worker Thread 17" [_thread_blocked, id=40544, stack(0x0000004555100000,0x0000004555200000)]
  0x000001e8d7e61080 JavaThread "Execution worker Thread 18" [_thread_blocked, id=41796, stack(0x0000004555200000,0x0000004555300000)]
  0x000001e8d66ceb10 JavaThread "Cache worker for execution history cache (D:\Workspace\RustWork\Test-Wry\gen\android\buildSrc\.gradle\8.14.5\executionHistory)" [_thread_blocked, id=38732, stack(0x0000004555300000,0x0000004555400000)]
  0x000001e8d7e64320 JavaThread "Execution worker Thread 19" [_thread_blocked, id=23052, stack(0x0000004555400000,0x0000004555500000)]
  0x000001e8d7e63900 JavaThread "Execution worker Thread 20" [_thread_blocked, id=34688, stack(0x0000004555500000,0x0000004555600000)]
  0x000001e8d7e633f0 JavaThread "Execution worker Thread 21" [_thread_blocked, id=11384, stack(0x0000004555600000,0x0000004555700000)]
  0x000001e8d7e61590 JavaThread "Execution worker Thread 22" [_thread_blocked, id=44404, stack(0x0000004555700000,0x0000004555800000)]
  0x000001e8d7e624c0 JavaThread "Execution worker Thread 23" [_thread_blocked, id=39504, stack(0x0000004555800000,0x0000004555900000)]
  0x000001e8d7e63e10 JavaThread "Execution worker Thread 24" [_thread_blocked, id=44472, stack(0x0000004555900000,0x0000004555a00000)]
  0x000001e8d7e61aa0 JavaThread "Execution worker Thread 25" [_thread_blocked, id=34760, stack(0x0000004555a00000,0x0000004555b00000)]
  0x000001e8d7e60b70 JavaThread "Execution worker Thread 26" [_thread_blocked, id=40248, stack(0x0000004555b00000,0x0000004555c00000)]
  0x000001e8d7e629d0 JavaThread "Execution worker Thread 27" [_thread_blocked, id=36848, stack(0x0000004555c00000,0x0000004555d00000)]
  0x000001e8d7e61fb0 JavaThread "Execution worker Thread 28" [_thread_blocked, id=11032, stack(0x0000004555d00000,0x0000004555e00000)]
  0x000001e8da97b4a0 JavaThread "Execution worker Thread 29" [_thread_blocked, id=12068, stack(0x0000004555e00000,0x0000004555f00000)]
  0x000001e8da97af90 JavaThread "Execution worker Thread 30" [_thread_blocked, id=12592, stack(0x0000004555f00000,0x0000004556000000)]
  0x000001e8da97a570 JavaThread "Execution worker Thread 31" [_thread_blocked, id=25728, stack(0x0000004556000000,0x0000004556100000)]
  0x000001e916038290 JavaThread "Unconstrained build operations Thread 55" [_thread_blocked, id=34308, stack(0x0000004556100000,0x0000004556200000)]
  0x000001e916039be0 JavaThread "Unconstrained build operations Thread 56" [_thread_blocked, id=12428, stack(0x0000004556200000,0x0000004556300000)]
  0x000001e91603a0f0 JavaThread "Unconstrained build operations Thread 57" [_thread_blocked, id=1808, stack(0x0000004556300000,0x0000004556400000)]
  0x000001e8da0d81b0 JavaThread "Unconstrained build operations Thread 58" [_thread_blocked, id=21424, stack(0x0000004556400000,0x0000004556500000)]
  0x000001e8da0da520 JavaThread "Unconstrained build operations Thread 59" [_thread_blocked, id=40272, stack(0x0000004556500000,0x0000004556600000)]
  0x000001e916ea4270 JavaThread "Unconstrained build operations Thread 60" [_thread_blocked, id=30696, stack(0x0000004556600000,0x0000004556700000)]
  0x000001e916ea3850 JavaThread "Unconstrained build operations Thread 61" [_thread_blocked, id=43380, stack(0x0000004556700000,0x0000004556800000)]
  0x000001e916ea3d60 JavaThread "Unconstrained build operations Thread 62" [_thread_blocked, id=42480, stack(0x0000004556800000,0x0000004556900000)]
  0x000001e916ea65e0 JavaThread "Unconstrained build operations Thread 63" [_thread_blocked, id=37452, stack(0x0000004556900000,0x0000004556a00000)]
  0x000001e916ea4780 JavaThread "Unconstrained build operations Thread 64" [_thread_blocked, id=37868, stack(0x0000004556a00000,0x0000004556b00000)]
  0x000001e916ea6af0 JavaThread "Unconstrained build operations Thread 65" [_thread_blocked, id=37560, stack(0x0000004556b00000,0x0000004556c00000)]
  0x000001e916ea60d0 JavaThread "Unconstrained build operations Thread 66" [_thread_blocked, id=12292, stack(0x0000004556c00000,0x0000004556d00000)]
  0x000001e916ea4c90 JavaThread "Unconstrained build operations Thread 67" [_thread_blocked, id=44464, stack(0x0000004556d00000,0x0000004556e00000)]
  0x000001e91603ab10 JavaThread "Unconstrained build operations Thread 68" [_thread_blocked, id=22520, stack(0x0000004556e00000,0x0000004556f00000)]
  0x000001e9160387a0 JavaThread "Unconstrained build operations Thread 69" [_thread_blocked, id=23884, stack(0x0000004556f00000,0x0000004557000000)]
  0x000001e8d8c4eb90 JavaThread "Unconstrained build operations Thread 70" [_thread_blocked, id=7624, stack(0x0000004557000000,0x0000004557100000)]
  0x000001e8d8c4f0a0 JavaThread "Unconstrained build operations Thread 71" [_thread_blocked, id=26952, stack(0x0000004557100000,0x0000004557200000)]
  0x000001e8d8c509f0 JavaThread "Unconstrained build operations Thread 72" [_thread_blocked, id=19652, stack(0x0000004557200000,0x0000004557300000)]
  0x000001e8d8c51920 JavaThread "Unconstrained build operations Thread 73" [_thread_blocked, id=23812, stack(0x0000004557300000,0x0000004557400000)]
  0x000001e8d8c4fac0 JavaThread "Unconstrained build operations Thread 74" [_thread_blocked, id=18956, stack(0x0000004557400000,0x0000004557500000)]
  0x000001e8d8c4ffd0 JavaThread "Unconstrained build operations Thread 75" [_thread_blocked, id=44856, stack(0x0000004557500000,0x0000004557600000)]
  0x000001e8d8c51e30 JavaThread "Unconstrained build operations Thread 76" [_thread_blocked, id=41976, stack(0x0000004557600000,0x0000004557700000)]
  0x000001e8d8c4f5b0 JavaThread "Unconstrained build operations Thread 77" [_thread_blocked, id=40200, stack(0x0000004557700000,0x0000004557800000)]
  0x000001e8d8c504e0 JavaThread "Unconstrained build operations Thread 78" [_thread_blocked, id=24716, stack(0x0000004557800000,0x0000004557900000)]
  0x000001e8d8c50f00 JavaThread "Unconstrained build operations Thread 79" [_thread_blocked, id=28512, stack(0x0000004557900000,0x0000004557a00000)]
  0x000001e8d8c51410 JavaThread "Unconstrained build operations Thread 80" [_thread_blocked, id=40512, stack(0x0000004557a00000,0x0000004557b00000)]
  0x000001e8febf3ce0 JavaThread "Unconstrained build operations Thread 81" [_thread_blocked, id=40344, stack(0x0000004557f00000,0x0000004558000000)]
  0x000001e8febf32c0 JavaThread "Unconstrained build operations Thread 82" [_thread_blocked, id=40240, stack(0x0000004558000000,0x0000004558100000)]
  0x000001e8d4c39720 JavaThread "Unconstrained build operations Thread 83" [_thread_blocked, id=44676, stack(0x0000004558100000,0x0000004558200000)]
  0x000001e8d4c3bfa0 JavaThread "Unconstrained build operations Thread 84" [_thread_blocked, id=40068, stack(0x0000004558200000,0x0000004558300000)]
  0x000001e916ea56b0 JavaThread "Unconstrained build operations Thread 85" [_thread_blocked, id=40984, stack(0x0000004558300000,0x0000004558400000)]
  0x000001e916ea5bc0 JavaThread "Unconstrained build operations Thread 86" [_thread_blocked, id=42676, stack(0x0000004558400000,0x0000004558500000)]
  0x000001e8e5a647a0 JavaThread "Unconstrained build operations Thread 87" [_thread_blocked, id=27928, stack(0x0000004558500000,0x0000004558600000)]
  0x000001e8e5a63360 JavaThread "Unconstrained build operations Thread 88" [_thread_blocked, id=9652, stack(0x0000004558600000,0x0000004558700000)]
  0x000001e8e5a63870 JavaThread "Unconstrained build operations Thread 89" [_thread_blocked, id=24540, stack(0x0000004558700000,0x0000004558800000)]
  0x000001e8e5a651c0 JavaThread "Unconstrained build operations Thread 90" [_thread_blocked, id=23924, stack(0x0000004558800000,0x0000004558900000)]
  0x000001e8e5a64290 JavaThread "Unconstrained build operations Thread 91" [_thread_blocked, id=32352, stack(0x0000004558900000,0x0000004558a00000)]
  0x000001e8e5a65be0 JavaThread "Unconstrained build operations Thread 92" [_thread_blocked, id=42908, stack(0x0000004558a00000,0x0000004558b00000)]
  0x000001e8e5a64cb0 JavaThread "Unconstrained build operations Thread 93" [_thread_blocked, id=36636, stack(0x0000004558b00000,0x0000004558c00000)]
  0x000001e8e5a656d0 JavaThread "Unconstrained build operations Thread 94" [_thread_blocked, id=34860, stack(0x0000004558c00000,0x0000004558d00000)]
  0x000001e8df5749f0 JavaThread "Unconstrained build operations Thread 95" [_thread_blocked, id=8284, stack(0x0000004558d00000,0x0000004558e00000)]
  0x000001e8df575920 JavaThread "Unconstrained build operations Thread 96" [_thread_blocked, id=6060, stack(0x0000004558e00000,0x0000004558f00000)]
  0x000001e8df577780 JavaThread "Unconstrained build operations Thread 97" [_thread_blocked, id=17404, stack(0x0000004558f00000,0x0000004559000000)]
  0x000001e8df573fd0 JavaThread "Unconstrained build operations Thread 98" [_thread_blocked, id=23784, stack(0x0000004559000000,0x0000004559100000)]
  0x000001e8df5744e0 JavaThread "Unconstrained build operations Thread 99" [_thread_blocked, id=37040, stack(0x0000004559100000,0x0000004559200000)]
  0x000001e8df577270 JavaThread "Unconstrained build operations Thread 100" [_thread_blocked, id=13460, stack(0x0000004559200000,0x0000004559300000)]
  0x000001e8df575e30 JavaThread "Unconstrained build operations Thread 101" [_thread_blocked, id=42392, stack(0x0000004559300000,0x0000004559400000)]
  0x000001e8df576340 JavaThread "Unconstrained build operations Thread 102" [_thread_blocked, id=23748, stack(0x0000004559400000,0x0000004559500000)]
  0x000001e8da218b10 JavaThread "Unconstrained build operations Thread 103" [_thread_blocked, id=44708, stack(0x0000004559500000,0x0000004559600000)]
  0x000001e8da2171c0 JavaThread "Unconstrained build operations Thread 104" [_thread_blocked, id=42712, stack(0x0000004559600000,0x0000004559700000)]
  0x000001e8da216290 JavaThread "Unconstrained build operations Thread 105" [_thread_blocked, id=37576, stack(0x0000004559700000,0x0000004559800000)]
  0x000001e8da219020 JavaThread "Unconstrained build operations Thread 106" [_thread_blocked, id=10968, stack(0x0000004559800000,0x0000004559900000)]
  0x000001e8da216cb0 JavaThread "Unconstrained build operations Thread 107" [_thread_blocked, id=4308, stack(0x0000004559900000,0x0000004559a00000)]
  0x000001e8da2176d0 JavaThread "Unconstrained build operations Thread 108" [_thread_blocked, id=41600, stack(0x0000004559a00000,0x0000004559b00000)]
  0x000001e8da219a40 JavaThread "Unconstrained build operations Thread 109" [_thread_blocked, id=37564, stack(0x0000004559b00000,0x0000004559c00000)]
  0x000001e8dbf79330 JavaThread "Unconstrained build operations Thread 110" [_thread_blocked, id=18828, stack(0x0000004559c00000,0x0000004559d00000)]
  0x000001e8dbf77ef0 JavaThread "Unconstrained build operations Thread 111" [_thread_blocked, id=27920, stack(0x0000004559d00000,0x0000004559e00000)]
  0x000001e8dbf79840 JavaThread "Unconstrained build operations Thread 112" [_thread_blocked, id=24840, stack(0x0000004559e00000,0x0000004559f00000)]
  0x000001e8dbf78400 JavaThread "Unconstrained build operations Thread 113" [_thread_blocked, id=29396, stack(0x0000004559f00000,0x000000455a000000)]
  0x000001e8dbf78e20 JavaThread "Unconstrained build operations Thread 114" [_thread_blocked, id=33732, stack(0x000000455a000000,0x000000455a100000)]
  0x000001e8dbf7a260 JavaThread "Unconstrained build operations Thread 115" [_thread_blocked, id=37008, stack(0x000000455a100000,0x000000455a200000)]
  0x000001e8dbf79d50 JavaThread "Unconstrained build operations Thread 116" [_thread_blocked, id=44532, stack(0x000000455a200000,0x000000455a300000)]
  0x000001e8d59c6f90 JavaThread "Unconstrained build operations Thread 117" [_thread_blocked, id=15728, stack(0x000000455a300000,0x000000455a400000)]
  0x000001e8d59c6570 JavaThread "Unconstrained build operations Thread 118" [_thread_blocked, id=13228, stack(0x000000455a400000,0x000000455a500000)]
  0x000001e8d59c6a80 JavaThread "Unconstrained build operations Thread 119" [_thread_blocked, id=33048, stack(0x000000455a500000,0x000000455a600000)]
  0x000001e8d59c5640 JavaThread "Unconstrained build operations Thread 120" [_thread_blocked, id=11312, stack(0x000000455a600000,0x000000455a700000)]
  0x000001e8d59c5b50 JavaThread "Unconstrained build operations Thread 121" [_thread_blocked, id=15216, stack(0x000000455a700000,0x000000455a800000)]
  0x000001e9155506d0 JavaThread "Unconstrained build operations Thread 122" [_thread_blocked, id=12248, stack(0x000000455a800000,0x000000455a900000)]
  0x000001e915552a40 JavaThread "Unconstrained build operations Thread 123" [_thread_blocked, id=30108, stack(0x000000455a900000,0x000000455aa00000)]
  0x000001e91554f290 JavaThread "Unconstrained build operations Thread 124" [_thread_blocked, id=28760, stack(0x000000455aa00000,0x000000455ab00000)]
  0x000001e91554fcb0 JavaThread "Unconstrained build operations Thread 125" [_thread_blocked, id=36748, stack(0x000000455ab00000,0x000000455ac00000)]
  0x000001e9155501c0 JavaThread "Unconstrained build operations Thread 126" [_thread_blocked, id=9864, stack(0x000000455ac00000,0x000000455ad00000)]
  0x000001e915550be0 JavaThread "Unconstrained build operations Thread 127" [_thread_blocked, id=43084, stack(0x000000455ad00000,0x000000455ae00000)]
  0x000001e91554f7a0 JavaThread "Unconstrained build operations Thread 128" [_thread_blocked, id=9640, stack(0x000000455ae00000,0x000000455af00000)]
  0x000001e915551600 JavaThread "Unconstrained build operations Thread 129" [_thread_blocked, id=39028, stack(0x000000455af00000,0x000000455b000000)]
  0x000001e9155510f0 JavaThread "Unconstrained build operations Thread 130" [_thread_blocked, id=34004, stack(0x000000455b000000,0x000000455b100000)]
  0x000001e915552530 JavaThread "Unconstrained build operations Thread 131" [_thread_blocked, id=44740, stack(0x000000455b100000,0x000000455b200000)]
  0x000001e915551b10 JavaThread "Unconstrained build operations Thread 132" [_thread_blocked, id=9596, stack(0x000000455b200000,0x000000455b300000)]
  0x000001e915552020 JavaThread "Unconstrained build operations Thread 133" [_thread_blocked, id=31804, stack(0x000000455b300000,0x000000455b400000)]
  0x000001e91e6cf2e0 JavaThread "Unconstrained build operations Thread 134" [_thread_blocked, id=12440, stack(0x000000455b400000,0x000000455b500000)]
  0x000001e91e6cf7f0 JavaThread "Unconstrained build operations Thread 135" [_thread_blocked, id=30496, stack(0x000000455b500000,0x000000455b600000)]
  0x000001e91e6cd990 JavaThread "Unconstrained build operations Thread 136" [_thread_blocked, id=37788, stack(0x000000455b600000,0x000000455b700000)]
  0x000001e91e6ccf70 JavaThread "Unconstrained build operations Thread 137" [_thread_blocked, id=40920, stack(0x000000455b700000,0x000000455b800000)]
  0x000001e91e6cedd0 JavaThread "Unconstrained build operations Thread 138" [_thread_blocked, id=36188, stack(0x000000455b800000,0x000000455b900000)]
  0x000001e91e6cc550 JavaThread "Unconstrained build operations Thread 139" [_thread_blocked, id=40116, stack(0x000000455b900000,0x000000455ba00000)]
  0x000001e91e6cdea0 JavaThread "Unconstrained build operations Thread 140" [_thread_blocked, id=31484, stack(0x000000455ba00000,0x000000455bb00000)]
  0x000001e91e6ce3b0 JavaThread "Unconstrained build operations Thread 141" [_thread_blocked, id=17032, stack(0x000000455bb00000,0x000000455bc00000)]
  0x000001e91e6ce8c0 JavaThread "Unconstrained build operations Thread 142" [_thread_blocked, id=44420, stack(0x000000455bc00000,0x000000455bd00000)]
  0x000001e91e6cca60 JavaThread "Unconstrained build operations Thread 143" [_thread_blocked, id=42748, stack(0x000000455bd00000,0x000000455be00000)]
  0x000001e91e6cc040 JavaThread "Unconstrained build operations Thread 144" [_thread_blocked, id=40604, stack(0x000000455be00000,0x000000455bf00000)]
  0x000001e91e6cfd00 JavaThread "Unconstrained build operations Thread 145" [_thread_blocked, id=40764, stack(0x000000455bf00000,0x000000455c000000)]
  0x000001e91e6d0210 JavaThread "Unconstrained build operations Thread 146" [_thread_blocked, id=35024, stack(0x000000455c200000,0x000000455c300000)]
  0x000001e9104a7b80 JavaThread "C2 CompilerThread1" daemon [_thread_blocked, id=41020, stack(0x000000455c300000,0x000000455c400000)]
  0x000001e91e6d0720 JavaThread "Unconstrained build operations Thread 147" [_thread_blocked, id=44144, stack(0x000000455c500000,0x000000455c600000)]
  0x000001e91e6d0c30 JavaThread "Unconstrained build operations Thread 148" [_thread_blocked, id=28448, stack(0x000000455c600000,0x000000455c700000)]
  0x000001e8e7830df0 JavaThread "Unconstrained build operations Thread 149" [_thread_blocked, id=35860, stack(0x000000455c700000,0x000000455c800000)]
  0x000001e8e7831300 JavaThread "Unconstrained build operations Thread 150" [_thread_blocked, id=20192, stack(0x000000455c800000,0x000000455c900000)]
  0x000001e8e782e060 JavaThread "Unconstrained build operations Thread 151" [_thread_blocked, id=44076, stack(0x000000455c900000,0x000000455ca00000)]
  0x000001e8faf9f3a0 JavaThread "Unconstrained build operations Thread 152" [_thread_blocked, id=40024, stack(0x000000455ca00000,0x000000455cb00000)]
  0x000001e8faf9df60 JavaThread "Unconstrained build operations Thread 153" [_thread_blocked, id=31172, stack(0x000000455cb00000,0x000000455cc00000)]
  0x000001e8faf9bbf0 JavaThread "Unconstrained build operations Thread 154" [_thread_blocked, id=39344, stack(0x000000455cc00000,0x000000455cd00000)]
  0x000001e8faf9e470 JavaThread "Unconstrained build operations Thread 155" [_thread_blocked, id=30640, stack(0x000000455cd00000,0x000000455ce00000)]
  0x000001e8faf9d030 JavaThread "Unconstrained build operations Thread 156" [_thread_blocked, id=32848, stack(0x000000455ce00000,0x000000455cf00000)]
  0x000001e8faf9e980 JavaThread "Unconstrained build operations Thread 157" [_thread_blocked, id=44936, stack(0x000000455cf00000,0x000000455d000000)]
  0x000001e8faf9ee90 JavaThread "Unconstrained build operations Thread 158" [_thread_blocked, id=43500, stack(0x000000455d000000,0x000000455d100000)]
  0x000001e8faf9c100 JavaThread "Unconstrained build operations Thread 159" [_thread_blocked, id=36096, stack(0x000000455d100000,0x000000455d200000)]
  0x000001e8faf9c610 JavaThread "Unconstrained build operations Thread 160" [_thread_blocked, id=43460, stack(0x000000455d200000,0x000000455d300000)]
  0x000001e8faf9cb20 JavaThread "Unconstrained build operations Thread 161" [_thread_blocked, id=44068, stack(0x000000455d300000,0x000000455d400000)]
  0x000001e8db739c10 JavaThread "Unconstrained build operations Thread 162" [_thread_blocked, id=43012, stack(0x000000455d400000,0x000000455d500000)]
  0x000001e8db73ba70 JavaThread "Unconstrained build operations Thread 163" [_thread_blocked, id=39412, stack(0x000000455d500000,0x000000455d600000)]
  0x000001e8db73c490 JavaThread "Unconstrained build operations Thread 164" [_thread_blocked, id=38972, stack(0x000000455d600000,0x000000455d700000)]
  0x000001e8db739700 JavaThread "Unconstrained build operations Thread 165" [_thread_blocked, id=5972, stack(0x000000455d700000,0x000000455d800000)]
  0x000001e8db73a120 JavaThread "Unconstrained build operations Thread 166" [_thread_blocked, id=38036, stack(0x000000455d800000,0x000000455d900000)]
  0x000001e8db73a630 JavaThread "Unconstrained build operations Thread 167" [_thread_blocked, id=3756, stack(0x000000455d900000,0x000000455da00000)]
  0x000001e8febf41f0 JavaThread "Unconstrained build operations Thread 168" [_thread_blocked, id=29064, stack(0x000000455da00000,0x000000455db00000)]
  0x000001e8febf37d0 JavaThread "Unconstrained build operations Thread 169" [_thread_blocked, id=33508, stack(0x000000455db00000,0x000000455dc00000)]
  0x000001e8febf4700 JavaThread "Unconstrained build operations Thread 170" [_thread_blocked, id=35516, stack(0x000000455dc00000,0x000000455dd00000)]
  0x000001e8febf4c10 JavaThread "Unconstrained build operations Thread 171" [_thread_blocked, id=22260, stack(0x000000455dd00000,0x000000455de00000)]
  0x000001e8febf5120 JavaThread "Unconstrained build operations Thread 172" [_thread_blocked, id=25296, stack(0x000000455de00000,0x000000455df00000)]
  0x000001e8febf5630 JavaThread "Unconstrained build operations Thread 173" [_thread_blocked, id=44764, stack(0x000000455df00000,0x000000455e000000)]
  0x000001e8febf6050 JavaThread "Unconstrained build operations Thread 174" [_thread_blocked, id=43068, stack(0x000000455e000000,0x000000455e100000)]
  0x000001e8febf5b40 JavaThread "Unconstrained build operations Thread 175" [_thread_blocked, id=35436, stack(0x000000455e100000,0x000000455e200000)]
  0x000001e8febf6560 JavaThread "Unconstrained build operations Thread 176" [_thread_blocked, id=35208, stack(0x000000455e200000,0x000000455e300000)]
  0x000001e8febf6a70 JavaThread "Unconstrained build operations Thread 177" [_thread_blocked, id=39560, stack(0x000000455e300000,0x000000455e400000)]
  0x000001e8d4c39c30 JavaThread "Unconstrained build operations Thread 178" [_thread_blocked, id=24248, stack(0x000000455e400000,0x000000455e500000)]
  0x000001e8d4c38d00 JavaThread "Unconstrained build operations Thread 179" [_thread_blocked, id=33080, stack(0x000000455e500000,0x000000455e600000)]
  0x000001e8d4c3a650 JavaThread "Unconstrained build operations Thread 180" [_thread_blocked, id=42964, stack(0x000000455e600000,0x000000455e700000)]
  0x000001e8d4c3b580 JavaThread "Unconstrained build operations Thread 181" [_thread_blocked, id=30512, stack(0x000000455e700000,0x000000455e800000)]
  0x000001e9160391c0 JavaThread "Unconstrained build operations Thread 182" [_thread_blocked, id=36508, stack(0x000000455e800000,0x000000455e900000)]
  0x000001e91603a600 JavaThread "Unconstrained build operations Thread 183" [_thread_blocked, id=40624, stack(0x000000455e900000,0x000000455ea00000)]
  0x000001e9160396d0 JavaThread "Unconstrained build operations Thread 184" [_thread_blocked, id=44084, stack(0x000000455ea00000,0x000000455eb00000)]
  0x000001e916037360 JavaThread "Unconstrained build operations Thread 185" [_thread_blocked, id=44620, stack(0x000000455eb00000,0x000000455ec00000)]
  0x000001e916037870 JavaThread "Unconstrained build operations Thread 186" [_thread_blocked, id=4044, stack(0x000000455ec00000,0x000000455ed00000)]
  0x000001e916038cb0 JavaThread "Unconstrained build operations Thread 187" [_thread_blocked, id=43408, stack(0x000000455ed00000,0x000000455ee00000)]
  0x000001e9103e14a0 JavaThread "Unconstrained build operations Thread 188" [_thread_blocked, id=40284, stack(0x000000455ee00000,0x000000455ef00000)]
  0x000001e9103e1ec0 JavaThread "Unconstrained build operations Thread 189" [_thread_blocked, id=29984, stack(0x000000455ef00000,0x000000455f000000)]
  0x000001e9103e0060 JavaThread "Unconstrained build operations Thread 190" [_thread_blocked, id=38640, stack(0x000000455f000000,0x000000455f100000)]
  0x000001e9103e3810 JavaThread "Unconstrained build operations Thread 191" [_thread_blocked, id=33236, stack(0x000000455f100000,0x000000455f200000)]
  0x000001e9103e23d0 JavaThread "Unconstrained build operations Thread 192" [_thread_blocked, id=38112, stack(0x000000455f200000,0x000000455f300000)]
  0x000001e9103e28e0 JavaThread "Unconstrained build operations Thread 193" [_thread_blocked, id=41212, stack(0x000000455f300000,0x000000455f400000)]
  0x000001e9103e0570 JavaThread "Unconstrained build operations Thread 194" [_thread_blocked, id=36760, stack(0x000000455f400000,0x000000455f500000)]
  0x000001e91e6cd480 JavaThread "Unconstrained build operations Thread 195" [_thread_blocked, id=5996, stack(0x000000455f500000,0x000000455f600000)]
  0x000001e91e6d2a90 JavaThread "Unconstrained build operations Thread 196" [_thread_blocked, id=33936, stack(0x000000455f600000,0x000000455f700000)]
  0x000001e91e6d1b60 JavaThread "Unconstrained build operations Thread 197" [_thread_blocked, id=35272, stack(0x000000455f700000,0x000000455f800000)]
  0x000001e91e6d1140 JavaThread "Unconstrained build operations Thread 198" [_thread_blocked, id=32744, stack(0x000000455f900000,0x000000455fa00000)]
  0x000001e91e6d2fa0 JavaThread "Unconstrained build operations Thread 199" [_thread_blocked, id=27056, stack(0x000000455fa00000,0x000000455fb00000)]
  0x000001e91e6d2070 JavaThread "Unconstrained build operations Thread 200" [_thread_blocked, id=27740, stack(0x000000455fb00000,0x000000455fc00000)]
  0x000001e91e6d1650 JavaThread "Unconstrained build operations Thread 201" [_thread_blocked, id=44392, stack(0x000000455fc00000,0x000000455fd00000)]
  0x000001e91e6d2580 JavaThread "Unconstrained build operations Thread 202" [_thread_blocked, id=42212, stack(0x000000455fd00000,0x000000455fe00000)]
  0x000001e91e6d34b0 JavaThread "Unconstrained build operations Thread 203" [_thread_blocked, id=36240, stack(0x000000455fe00000,0x000000455ff00000)]
  0x000001e91e6d39c0 JavaThread "Unconstrained build operations Thread 204" [_thread_blocked, id=8772, stack(0x000000455ff00000,0x0000004560000000)]
  0x000001e8d8349db0 JavaThread "Unconstrained build operations Thread 205" [_thread_blocked, id=18776, stack(0x0000004560000000,0x0000004560100000)]
  0x000001e8d83498a0 JavaThread "Unconstrained build operations Thread 206" [_thread_blocked, id=44412, stack(0x0000004560100000,0x0000004560200000)]
  0x000001e8d834a7d0 JavaThread "Unconstrained build operations Thread 207" [_thread_blocked, id=33176, stack(0x0000004560200000,0x0000004560300000)]
  0x000001e8d834a2c0 JavaThread "Unconstrained build operations Thread 208" [_thread_blocked, id=29052, stack(0x0000004560300000,0x0000004560400000)]
  0x000001e8d4c3b070 JavaThread "Problems report writer" [_thread_blocked, id=28372, stack(0x0000004560400000,0x0000004560500000)]
  0x000001e913ab15b0 JavaThread "Cache worker for execution history cache (D:\Workspace\RustWork\Test-Wry\gen\android\.gradle\8.14.5\executionHistory)" [_thread_blocked, id=42448, stack(0x0000004560700000,0x0000004560800000)]
  0x000001e8febdd660 JavaThread "Unconstrained build operations Thread 209" [_thread_blocked, id=12556, stack(0x0000004560800000,0x0000004560900000)]
  0x000001e8febde590 JavaThread "Unconstrained build operations Thread 210" [_thread_blocked, id=36844, stack(0x0000004560900000,0x0000004560a00000)]
  0x000001e8febdbd10 JavaThread "Unconstrained build operations Thread 211" [_thread_blocked, id=20368, stack(0x0000004560a00000,0x0000004560b00000)]
  0x000001e8febdb2f0 JavaThread "Unconstrained build operations Thread 212" [_thread_blocked, id=43888, stack(0x0000004560b00000,0x0000004560c00000)]
  0x000001e8febdb800 JavaThread "Unconstrained build operations Thread 213" [_thread_blocked, id=42236, stack(0x0000004560c00000,0x0000004560d00000)]
  0x000001e8febdc220 JavaThread "Unconstrained build operations Thread 214" [_thread_blocked, id=38588, stack(0x0000004560d00000,0x0000004560e00000)]
  0x000001e8febddb70 JavaThread "Unconstrained build operations Thread 215" [_thread_blocked, id=29368, stack(0x0000004560e00000,0x0000004560f00000)]
  0x000001e8febdd150 JavaThread "Unconstrained build operations Thread 216" [_thread_blocked, id=43168, stack(0x0000004560f00000,0x0000004561000000)]
  0x000001e8febdcc40 JavaThread "Unconstrained build operations Thread 217" [_thread_blocked, id=36224, stack(0x0000004561000000,0x0000004561100000)]
  0x000001e8febde080 JavaThread "Unconstrained build operations Thread 218" [_thread_blocked, id=16128, stack(0x0000004561100000,0x0000004561200000)]
  0x000001e8fc1b5470 JavaThread "Unconstrained build operations Thread 219" [_thread_blocked, id=38736, stack(0x0000004561200000,0x0000004561300000)]
  0x000001e8d819b7f0 JavaThread "Unconstrained build operations Thread 220" [_thread_blocked, id=31836, stack(0x0000004561300000,0x0000004561400000)]
  0x000001e8d8198a60 JavaThread "Unconstrained build operations Thread 221" [_thread_blocked, id=18336, stack(0x0000004561400000,0x0000004561500000)]
  0x000001e8d819a3b0 JavaThread "Unconstrained build operations Thread 222" [_thread_blocked, id=34536, stack(0x0000004561500000,0x0000004561600000)]
  0x000001e8d8198f70 JavaThread "Unconstrained build operations Thread 223" [_thread_blocked, id=20164, stack(0x0000004561600000,0x0000004561700000)]
  0x000001e8d8199480 JavaThread "Unconstrained build operations Thread 224" [_thread_blocked, id=7636, stack(0x0000004561700000,0x0000004561800000)]
  0x000001e8d819a8c0 JavaThread "Unconstrained build operations Thread 225" [_thread_blocked, id=6556, stack(0x0000004561800000,0x0000004561900000)]
  0x000001e8d819add0 JavaThread "Unconstrained build operations Thread 226" [_thread_blocked, id=41696, stack(0x0000004561900000,0x0000004561a00000)]
  0x000001e8d8199ea0 JavaThread "Unconstrained build operations Thread 227" [_thread_blocked, id=27896, stack(0x0000004561a00000,0x0000004561b00000)]
  0x000001e8d8199990 JavaThread "Unconstrained build operations Thread 228" [_thread_blocked, id=38660, stack(0x0000004561b00000,0x0000004561c00000)]
  0x000001e8d819b2e0 JavaThread "Unconstrained build operations Thread 229" [_thread_blocked, id=34592, stack(0x0000004561c00000,0x0000004561d00000)]
  0x000001e8d819bd00 JavaThread "Unconstrained build operations Thread 230" [_thread_blocked, id=8944, stack(0x0000004561d00000,0x0000004561e00000)]
  0x000001e8d8198550 JavaThread "Unconstrained build operations Thread 231" [_thread_blocked, id=3900, stack(0x0000004561e00000,0x0000004561f00000)]
  0x000001e914e08b80 JavaThread "Unconstrained build operations Thread 232" [_thread_blocked, id=21320, stack(0x0000004561f00000,0x0000004562000000)]
  0x000001e914e0a4d0 JavaThread "Unconstrained build operations Thread 233" [_thread_blocked, id=37892, stack(0x0000004562000000,0x0000004562100000)]
  0x000001e914e08670 JavaThread "Unconstrained build operations Thread 234" [_thread_blocked, id=43164, stack(0x0000004562100000,0x0000004562200000)]
  0x000001e914e09fc0 JavaThread "Unconstrained build operations Thread 235" [_thread_blocked, id=28476, stack(0x0000004562200000,0x0000004562300000)]
  0x000001e914e09090 JavaThread "Unconstrained build operations Thread 236" [_thread_blocked, id=41540, stack(0x0000004562300000,0x0000004562400000)]
  0x000001e914e0a9e0 JavaThread "Unconstrained build operations Thread 237" [_thread_blocked, id=9928, stack(0x0000004562400000,0x0000004562500000)]
  0x000001e914e0aef0 JavaThread "Unconstrained build operations Thread 238" [_thread_blocked, id=31304, stack(0x0000004562500000,0x0000004562600000)]
  0x000001e914e07740 JavaThread "Unconstrained build operations Thread 239" [_thread_blocked, id=27892, stack(0x0000004562600000,0x0000004562700000)]
  0x000001e8de93b350 JavaThread "Unconstrained build operations Thread 240" [_thread_blocked, id=12260, stack(0x0000004562700000,0x0000004562800000)]
  0x000001e8de93b860 JavaThread "Unconstrained build operations Thread 241" [_thread_blocked, id=37748, stack(0x0000004562800000,0x0000004562900000)]
  0x000001e8de9394f0 JavaThread "Unconstrained build operations Thread 242" [_thread_blocked, id=34156, stack(0x0000004562900000,0x0000004562a00000)]
  0x000001e8de93a420 JavaThread "Unconstrained build operations Thread 243" [_thread_blocked, id=44700, stack(0x0000004562a00000,0x0000004562b00000)]
  0x000001e8de93a930 JavaThread "Unconstrained build operations Thread 244" [_thread_blocked, id=36696, stack(0x0000004562b00000,0x0000004562c00000)]
  0x000001e8de93ae40 JavaThread "Unconstrained build operations Thread 245" [_thread_blocked, id=44476, stack(0x0000004562c00000,0x0000004562d00000)]
  0x000001e8de938ad0 JavaThread "Unconstrained build operations Thread 246" [_thread_blocked, id=5920, stack(0x0000004562d00000,0x0000004562e00000)]
  0x000001e8de938fe0 JavaThread "Unconstrained build operations Thread 247" [_thread_blocked, id=44260, stack(0x0000004562e00000,0x0000004562f00000)]
  0x000001e8de93bd70 JavaThread "Unconstrained build operations Thread 248" [_thread_blocked, id=28864, stack(0x0000004562f00000,0x0000004563000000)]
  0x000001e8de9385c0 JavaThread "Unconstrained build operations Thread 249" [_thread_blocked, id=45032, stack(0x0000004563000000,0x0000004563100000)]
  0x000001e8de939a00 JavaThread "Unconstrained build operations Thread 250" [_thread_blocked, id=23140, stack(0x0000004563100000,0x0000004563200000)]
  0x000001e8dd3694b0 JavaThread "Unconstrained build operations Thread 251" [_thread_blocked, id=36484, stack(0x0000004563200000,0x0000004563300000)]
  0x000001e8d6fd0f10 JavaThread "WorkerExecutor Queue" [_thread_in_native, id=28976, stack(0x0000004563300000,0x0000004563400000)]
  0x000001e8d834c120 JavaThread "RMI RenewClean-[127.0.0.1:17093,org.jetbrains.kotlin.daemon.common.LoopbackNetworkInterface$ClientLoopbackSocketFactory@75d46f5]" daemon [_thread_blocked, id=16088, stack(0x0000004563400000,0x0000004563500000)]
  0x000001e8d834b700 JavaThread "RMI GC Daemon" daemon [_thread_blocked, id=24872, stack(0x0000004563500000,0x0000004563600000)]
  0x000001e8d834ace0 JavaThread "Thread-2856" [_thread_in_native, id=41240, stack(0x0000004563600000,0x0000004563700000)]

Other Threads:
  0x000001e8fb03ff50 VMThread "VM Thread" [stack: 0x000000454c900000,0x000000454ca00000] [id=22016]
  0x000001e8eac7a350 WatcherThread [stack: 0x000000454da00000,0x000000454db00000] [id=44156]
  0x000001e8e88da840 GCTaskThread "GC Thread#0" [stack: 0x000000454c400000,0x000000454c500000] [id=17328]
  0x000001e8fc33f160 GCTaskThread "GC Thread#1" [stack: 0x000000454dc00000,0x000000454dd00000] [id=44316]
  0x000001e8fc386010 GCTaskThread "GC Thread#2" [stack: 0x000000454dd00000,0x000000454de00000] [id=33928]
  0x000001e8fc3862d0 GCTaskThread "GC Thread#3" [stack: 0x000000454de00000,0x000000454df00000] [id=33996]
  0x000001e8fc386590 GCTaskThread "GC Thread#4" [stack: 0x000000454df00000,0x000000454e000000] [id=9740]
  0x000001e8fc386850 GCTaskThread "GC Thread#5" [stack: 0x000000454e000000,0x000000454e100000] [id=6268]
  0x000001e8fcdd9d90 GCTaskThread "GC Thread#6" [stack: 0x000000454eb00000,0x000000454ec00000] [id=37780]
  0x000001e8fcdda310 GCTaskThread "GC Thread#7" [stack: 0x000000454ec00000,0x000000454ed00000] [id=38320]
  0x000001e8fcdda5d0 GCTaskThread "GC Thread#8" [stack: 0x000000454ed00000,0x000000454ee00000] [id=37860]
  0x000001e8fcdd8a50 GCTaskThread "GC Thread#9" [stack: 0x000000454ee00000,0x000000454ef00000] [id=34956]
  0x000001e8fcdd8fd0 GCTaskThread "GC Thread#10" [stack: 0x000000454ef00000,0x000000454f000000] [id=3012]
  0x000001e8fcdd8d10 GCTaskThread "GC Thread#11" [stack: 0x000000454f000000,0x000000454f100000] [id=39332]
  0x000001e8fcdd9290 GCTaskThread "GC Thread#12" [stack: 0x000000454f100000,0x000000454f200000] [id=16376]
  0x000001e8fe7d9080 GCTaskThread "GC Thread#13" [stack: 0x000000454f200000,0x000000454f300000] [id=35788]
  0x000001e8fe7db9c0 GCTaskThread "GC Thread#14" [stack: 0x000000454f300000,0x000000454f400000] [id=43252]
  0x000001e8fe7dc4c0 GCTaskThread "GC Thread#15" [stack: 0x000000454f400000,0x000000454f500000] [id=18964]
  0x000001e8fe7dbc80 GCTaskThread "GC Thread#16" [stack: 0x000000454f500000,0x000000454f600000] [id=44736]
  0x000001e8fe7daec0 GCTaskThread "GC Thread#17" [stack: 0x000000454f600000,0x000000454f700000] [id=39168]
  0x000001e8fe7db440 GCTaskThread "GC Thread#18" [stack: 0x000000454f700000,0x000000454f800000] [id=44264]
  0x000001e8fe7d9600 GCTaskThread "GC Thread#19" [stack: 0x000000454f800000,0x000000454f900000] [id=35660]
  0x000001e8fe7dbf40 GCTaskThread "GC Thread#20" [stack: 0x000000454f900000,0x000000454fa00000] [id=19724]
  0x000001e8fe7db700 GCTaskThread "GC Thread#21" [stack: 0x000000454fa00000,0x000000454fb00000] [id=38840]
  0x000001e8fe7d9340 GCTaskThread "GC Thread#22" [stack: 0x0000004550100000,0x0000004550200000] [id=7744]
  0x000001e8eabf4920 ConcurrentGCThread "G1 Main Marker" [stack: 0x000000454c500000,0x000000454c600000] [id=41936]
  0x000001e8eac46750 ConcurrentGCThread "G1 Conc#0" [stack: 0x000000454c600000,0x000000454c700000] [id=22068]
  0x000001e8fe7dca40 ConcurrentGCThread "G1 Conc#1" [stack: 0x0000004550200000,0x0000004550300000] [id=42200]
  0x000001e8fe7db180 ConcurrentGCThread "G1 Conc#2" [stack: 0x0000004550300000,0x0000004550400000] [id=38904]
  0x000001e8fe7dc200 ConcurrentGCThread "G1 Conc#3" [stack: 0x0000004550400000,0x0000004550500000] [id=28356]
  0x000001e8fe7dac00 ConcurrentGCThread "G1 Conc#4" [stack: 0x0000004550500000,0x0000004550600000] [id=44136]
  0x000001e8fe7dcd00 ConcurrentGCThread "G1 Conc#5" [stack: 0x0000004550600000,0x0000004550700000] [id=30688]
  0x000001e8eac8d680 ConcurrentGCThread "G1 Refine#0" [stack: 0x000000454c700000,0x000000454c800000] [id=33748]
  0x000001e8dcc9d070 ConcurrentGCThread "G1 Refine#1" [stack: 0x0000004557b00000,0x0000004557c00000] [id=41832]
  0x000001e8dcc9cd80 ConcurrentGCThread "G1 Refine#2" [stack: 0x0000004557c00000,0x0000004557d00000] [id=40064]
  0x000001e8dcc9f6a0 ConcurrentGCThread "G1 Refine#3" [stack: 0x0000004557d00000,0x0000004557e00000] [id=39892]
  0x000001e8dcc9e210 ConcurrentGCThread "G1 Refine#4" [stack: 0x0000004557e00000,0x0000004557f00000] [id=33716]
  0x000001e8dde014e0 ConcurrentGCThread "G1 Refine#5" [stack: 0x0000004564300000,0x0000004564400000] [id=38756]
  0x000001e8dd13e8c0 ConcurrentGCThread "G1 Refine#6" [stack: 0x0000004564400000,0x0000004564500000] [id=29900]
  0x000001e8db0f67b0 ConcurrentGCThread "G1 Refine#7" [stack: 0x0000004566500000,0x0000004566600000] [id=38996]
  0x000001e8fc8b2360 ConcurrentGCThread "G1 Refine#8" [stack: 0x000000456d500000,0x000000456d600000] [id=32248]
  0x000001e8d5d69f10 ConcurrentGCThread "G1 Refine#9" [stack: 0x000000456d600000,0x000000456d700000] [id=33036]
  0x000001e8da3eafc0 ConcurrentGCThread "G1 Refine#10" [stack: 0x000000456d700000,0x000000456d800000] [id=24424]
  0x000001e8d5d6a200 ConcurrentGCThread "G1 Refine#11" [stack: 0x000000456d800000,0x000000456d900000] [id=40812]
  0x000001e8eac8de60 ConcurrentGCThread "G1 Service" [stack: 0x000000454c800000,0x000000454c900000] [id=44664]

Threads with active compile tasks:
C2 CompilerThread0  4396841 94897 %     4       java.io.OutputStream::write @ 11 (34 bytes)

VM state: not at safepoint (normal execution)

VM Mutex/Monitor currently owned by a thread: None

Heap address: 0x0000000080000000, size: 2048 MB, Compressed Oops mode: 32-bit

CDS archive(s) mapped at: [0x000001e88f000000-0x000001e88fbd0000-0x000001e88fbd0000), size 12386304, SharedBaseAddress: 0x000001e88f000000, ArchiveRelocationMode: 1.
Compressed class space mapped at: 0x000001e890000000-0x000001e8d0000000, reserved size: 1073741824
Narrow klass base: 0x000001e88f000000, Narrow klass shift: 0, Narrow klass range: 0x100000000

GC Precious Log:
 CPUs: 32 total, 32 available
 Memory: 16123M
 Large Page Support: Disabled
 NUMA Support: Disabled
 Compressed Oops: Enabled (32-bit)
 Heap Region Size: 1M
 Heap Min Capacity: 8M
 Heap Initial Capacity: 252M
 Heap Max Capacity: 2G
 Pre-touch: Disabled
 Parallel Workers: 23
 Concurrent Workers: 6
 Concurrent Refinement Workers: 23
 Periodic GC: Disabled

Heap:
 garbage-first heap   total 1113088K, used 749503K [0x0000000080000000, 0x0000000100000000)
  region size 1024K, 437 young (447488K), 5 survivors (5120K)
 Metaspace       used 339722K, committed 341888K, reserved 1376256K
  class space    used 42630K, committed 43712K, reserved 1048576K

Heap Regions: E=young(eden), S=young(survivor), O=old, HS=humongous(starts), HC=humongous(continues), CS=collection set, F=free, OA=open archive, CA=closed archive, TAMS=top-at-mark-start (previous, next)
|   0|0x0000000080000000, 0x0000000080100000, 0x0000000080100000|100%|HS|  |TAMS 0x0000000080100000, 0x0000000080000000| Complete 
|   1|0x0000000080100000, 0x0000000080200000, 0x0000000080200000|100%|HC|  |TAMS 0x0000000080200000, 0x0000000080100000| Complete 
|   2|0x0000000080200000, 0x0000000080300000, 0x0000000080300000|100%|HC|  |TAMS 0x0000000080300000, 0x0000000080200000| Complete 
|   3|0x0000000080300000, 0x0000000080400000, 0x0000000080400000|100%| O|  |TAMS 0x0000000080400000, 0x0000000080300000| Untracked 
|   4|0x0000000080400000, 0x0000000080500000, 0x0000000080500000|100%| O|  |TAMS 0x0000000080500000, 0x0000000080400000| Untracked 
|   5|0x0000000080500000, 0x0000000080600000, 0x0000000080600000|100%| O|  |TAMS 0x0000000080600000, 0x0000000080500000| Untracked 
|   6|0x0000000080600000, 0x0000000080700000, 0x0000000080700000|100%|HS|  |TAMS 0x0000000080700000, 0x0000000080600000| Complete 
|   7|0x0000000080700000, 0x0000000080800000, 0x0000000080800000|100%| O|  |TAMS 0x0000000080800000, 0x0000000080700000| Untracked 
|   8|0x0000000080800000, 0x0000000080900000, 0x0000000080900000|100%| O|  |TAMS 0x0000000080900000, 0x0000000080800000| Untracked 
|   9|0x0000000080900000, 0x0000000080a00000, 0x0000000080a00000|100%| O|  |TAMS 0x0000000080a00000, 0x0000000080900000| Untracked 
|  10|0x0000000080a00000, 0x0000000080b00000, 0x0000000080b00000|100%| O|  |TAMS 0x0000000080b00000, 0x0000000080a00000| Untracked 
|  11|0x0000000080b00000, 0x0000000080c00000, 0x0000000080c00000|100%| O|  |TAMS 0x0000000080c00000, 0x0000000080b00000| Untracked 
|  12|0x0000000080c00000, 0x0000000080d00000, 0x0000000080d00000|100%| O|  |TAMS 0x0000000080d00000, 0x0000000080c00000| Untracked 
|  13|0x0000000080d00000, 0x0000000080e00000, 0x0000000080e00000|100%| O|  |TAMS 0x0000000080e00000, 0x0000000080d00000| Untracked 
|  14|0x0000000080e00000, 0x0000000080f00000, 0x0000000080f00000|100%| O|  |TAMS 0x0000000080f00000, 0x0000000080e00000| Untracked 
|  15|0x0000000080f00000, 0x0000000081000000, 0x0000000081000000|100%| O|  |TAMS 0x0000000081000000, 0x0000000080f00000| Untracked 
|  16|0x0000000081000000, 0x0000000081100000, 0x0000000081100000|100%| O|  |TAMS 0x0000000081100000, 0x0000000081000000| Untracked 
|  17|0x0000000081100000, 0x0000000081200000, 0x0000000081200000|100%| O|  |TAMS 0x0000000081200000, 0x0000000081100000| Untracked 
|  18|0x0000000081200000, 0x0000000081300000, 0x0000000081300000|100%| O|  |TAMS 0x0000000081300000, 0x0000000081200000| Untracked 
|  19|0x0000000081300000, 0x0000000081400000, 0x0000000081400000|100%| O|  |TAMS 0x0000000081400000, 0x0000000081300000| Untracked 
|  20|0x0000000081400000, 0x0000000081500000, 0x0000000081500000|100%| O|  |TAMS 0x0000000081500000, 0x0000000081400000| Untracked 
|  21|0x0000000081500000, 0x0000000081600000, 0x0000000081600000|100%| O|  |TAMS 0x0000000081600000, 0x0000000081500000| Untracked 
|  22|0x0000000081600000, 0x0000000081700000, 0x0000000081700000|100%| O|  |TAMS 0x0000000081700000, 0x0000000081600000| Untracked 
|  23|0x0000000081700000, 0x0000000081800000, 0x0000000081800000|100%| O|  |TAMS 0x0000000081800000, 0x0000000081700000| Untracked 
|  24|0x0000000081800000, 0x0000000081900000, 0x0000000081900000|100%| O|  |TAMS 0x0000000081900000, 0x0000000081800000| Untracked 
|  25|0x0000000081900000, 0x0000000081a00000, 0x0000000081a00000|100%| O|  |TAMS 0x0000000081a00000, 0x0000000081900000| Untracked 
|  26|0x0000000081a00000, 0x0000000081b00000, 0x0000000081b00000|100%| O|  |TAMS 0x0000000081b00000, 0x0000000081a00000| Untracked 
|  27|0x0000000081b00000, 0x0000000081c00000, 0x0000000081c00000|100%| O|  |TAMS 0x0000000081c00000, 0x0000000081b00000| Untracked 
|  28|0x0000000081c00000, 0x0000000081d00000, 0x0000000081d00000|100%| O|  |TAMS 0x0000000081d00000, 0x0000000081c00000| Untracked 
|  29|0x0000000081d00000, 0x0000000081e00000, 0x0000000081e00000|100%| O|  |TAMS 0x0000000081e00000, 0x0000000081d00000| Untracked 
|  30|0x0000000081e00000, 0x0000000081f00000, 0x0000000081f00000|100%| O|  |TAMS 0x0000000081f00000, 0x0000000081e00000| Untracked 
|  31|0x0000000081f00000, 0x0000000082000000, 0x0000000082000000|100%| O|  |TAMS 0x0000000082000000, 0x0000000081f00000| Untracked 
|  32|0x0000000082000000, 0x0000000082100000, 0x0000000082100000|100%| O|  |TAMS 0x0000000082100000, 0x0000000082000000| Untracked 
|  33|0x0000000082100000, 0x0000000082200000, 0x0000000082200000|100%| O|  |TAMS 0x0000000082200000, 0x0000000082100000| Untracked 
|  34|0x0000000082200000, 0x0000000082300000, 0x0000000082300000|100%| O|  |TAMS 0x0000000082300000, 0x0000000082200000| Untracked 
|  35|0x0000000082300000, 0x0000000082400000, 0x0000000082400000|100%| O|  |TAMS 0x0000000082400000, 0x0000000082300000| Untracked 
|  36|0x0000000082400000, 0x0000000082500000, 0x0000000082500000|100%| O|  |TAMS 0x0000000082500000, 0x0000000082400000| Untracked 
|  37|0x0000000082500000, 0x0000000082600000, 0x0000000082600000|100%| O|  |TAMS 0x0000000082500000, 0x0000000082500000| Untracked 
|  38|0x0000000082600000, 0x0000000082700000, 0x0000000082700000|100%| O|  |TAMS 0x0000000082700000, 0x0000000082600000| Untracked 
|  39|0x0000000082700000, 0x0000000082700000, 0x0000000082800000|  0%| F|  |TAMS 0x0000000082700000, 0x0000000082700000| Untracked 
|  40|0x0000000082800000, 0x0000000082900000, 0x0000000082900000|100%| O|  |TAMS 0x0000000082900000, 0x0000000082800000| Untracked 
|  41|0x0000000082900000, 0x0000000082a00000, 0x0000000082a00000|100%| O|  |TAMS 0x0000000082a00000, 0x0000000082900000| Untracked 
|  42|0x0000000082a00000, 0x0000000082b00000, 0x0000000082b00000|100%| O|  |TAMS 0x0000000082b00000, 0x0000000082a00000| Untracked 
|  43|0x0000000082b00000, 0x0000000082c00000, 0x0000000082c00000|100%| O|  |TAMS 0x0000000082c00000, 0x0000000082b00000| Untracked 
|  44|0x0000000082c00000, 0x0000000082d00000, 0x0000000082d00000|100%| O|  |TAMS 0x0000000082d00000, 0x0000000082c00000| Untracked 
|  45|0x0000000082d00000, 0x0000000082e00000, 0x0000000082e00000|100%| O|  |TAMS 0x0000000082e00000, 0x0000000082d00000| Untracked 
|  46|0x0000000082e00000, 0x0000000082f00000, 0x0000000082f00000|100%| O|  |TAMS 0x0000000082f00000, 0x0000000082e00000| Untracked 
|  47|0x0000000082f00000, 0x0000000083000000, 0x0000000083000000|100%| O|  |TAMS 0x0000000083000000, 0x0000000082f00000| Untracked 
|  48|0x0000000083000000, 0x0000000083100000, 0x0000000083100000|100%| O|  |TAMS 0x0000000083100000, 0x0000000083000000| Untracked 
|  49|0x0000000083100000, 0x0000000083200000, 0x0000000083200000|100%| O|  |TAMS 0x0000000083200000, 0x0000000083100000| Untracked 
|  50|0x0000000083200000, 0x0000000083200000, 0x0000000083300000|  0%| F|  |TAMS 0x0000000083200000, 0x0000000083200000| Untracked 
|  51|0x0000000083300000, 0x0000000083400000, 0x0000000083400000|100%| O|  |TAMS 0x0000000083400000, 0x0000000083300000| Untracked 
|  52|0x0000000083400000, 0x0000000083500000, 0x0000000083500000|100%| O|  |TAMS 0x0000000083500000, 0x0000000083400000| Untracked 
|  53|0x0000000083500000, 0x0000000083600000, 0x0000000083600000|100%| O|  |TAMS 0x0000000083600000, 0x0000000083500000| Untracked 
|  54|0x0000000083600000, 0x0000000083700000, 0x0000000083700000|100%| O|  |TAMS 0x0000000083700000, 0x0000000083600000| Untracked 
|  55|0x0000000083700000, 0x0000000083800000, 0x0000000083800000|100%| O|  |TAMS 0x0000000083800000, 0x0000000083700000| Untracked 
|  56|0x0000000083800000, 0x0000000083900000, 0x0000000083900000|100%| O|  |TAMS 0x0000000083900000, 0x0000000083800000| Untracked 
|  57|0x0000000083900000, 0x0000000083a00000, 0x0000000083a00000|100%| O|  |TAMS 0x0000000083a00000, 0x0000000083900000| Untracked 
|  58|0x0000000083a00000, 0x0000000083b00000, 0x0000000083b00000|100%| O|  |TAMS 0x0000000083b00000, 0x0000000083a00000| Untracked 
|  59|0x0000000083b00000, 0x0000000083c00000, 0x0000000083c00000|100%| O|  |TAMS 0x0000000083c00000, 0x0000000083b00000| Untracked 
|  60|0x0000000083c00000, 0x0000000083d00000, 0x0000000083d00000|100%| O|  |TAMS 0x0000000083d00000, 0x0000000083c00000| Untracked 
|  61|0x0000000083d00000, 0x0000000083e00000, 0x0000000083e00000|100%| O|  |TAMS 0x0000000083e00000, 0x0000000083d00000| Untracked 
|  62|0x0000000083e00000, 0x0000000083f00000, 0x0000000083f00000|100%| O|  |TAMS 0x0000000083f00000, 0x0000000083e00000| Untracked 
|  63|0x0000000083f00000, 0x0000000084000000, 0x0000000084000000|100%| O|  |TAMS 0x0000000084000000, 0x0000000083f00000| Untracked 
|  64|0x0000000084000000, 0x0000000084100000, 0x0000000084100000|100%| O|  |TAMS 0x0000000084100000, 0x0000000084000000| Untracked 
|  65|0x0000000084100000, 0x0000000084200000, 0x0000000084200000|100%| O|  |TAMS 0x0000000084200000, 0x0000000084100000| Untracked 
|  66|0x0000000084200000, 0x0000000084300000, 0x0000000084300000|100%| O|  |TAMS 0x0000000084300000, 0x0000000084200000| Untracked 
|  67|0x0000000084300000, 0x0000000084400000, 0x0000000084400000|100%| O|  |TAMS 0x0000000084300000, 0x0000000084300000| Untracked 
|  68|0x0000000084400000, 0x0000000084500000, 0x0000000084500000|100%|HS|  |TAMS 0x0000000084500000, 0x0000000084400000| Complete 
|  69|0x0000000084500000, 0x0000000084600000, 0x0000000084600000|100%|HC|  |TAMS 0x0000000084600000, 0x0000000084500000| Complete 
|  70|0x0000000084600000, 0x0000000084700000, 0x0000000084700000|100%| O|  |TAMS 0x0000000084700000, 0x0000000084600000| Untracked 
|  71|0x0000000084700000, 0x0000000084700000, 0x0000000084800000|  0%| F|  |TAMS 0x0000000084700000, 0x0000000084700000| Untracked 
|  72|0x0000000084800000, 0x0000000084900000, 0x0000000084900000|100%| O|  |TAMS 0x0000000084900000, 0x0000000084800000| Untracked 
|  73|0x0000000084900000, 0x0000000084a00000, 0x0000000084a00000|100%| O|  |TAMS 0x0000000084a00000, 0x0000000084900000| Untracked 
|  74|0x0000000084a00000, 0x0000000084b00000, 0x0000000084b00000|100%| O|  |TAMS 0x0000000084b00000, 0x0000000084a00000| Untracked 
|  75|0x0000000084b00000, 0x0000000084b00000, 0x0000000084c00000|  0%| F|  |TAMS 0x0000000084b00000, 0x0000000084b00000| Untracked 
|  76|0x0000000084c00000, 0x0000000084c00000, 0x0000000084d00000|  0%| F|  |TAMS 0x0000000084c00000, 0x0000000084c00000| Untracked 
|  77|0x0000000084d00000, 0x0000000084e00000, 0x0000000084e00000|100%| O|  |TAMS 0x0000000084e00000, 0x0000000084d00000| Untracked 
|  78|0x0000000084e00000, 0x0000000084f00000, 0x0000000084f00000|100%| O|  |TAMS 0x0000000084f00000, 0x0000000084e00000| Untracked 
|  79|0x0000000084f00000, 0x0000000085000000, 0x0000000085000000|100%| O|  |TAMS 0x0000000085000000, 0x0000000084f00000| Untracked 
|  80|0x0000000085000000, 0x0000000085100000, 0x0000000085100000|100%| O|  |TAMS 0x0000000085100000, 0x0000000085000000| Untracked 
|  81|0x0000000085100000, 0x0000000085200000, 0x0000000085200000|100%| O|  |TAMS 0x0000000085200000, 0x0000000085100000| Untracked 
|  82|0x0000000085200000, 0x0000000085300000, 0x0000000085300000|100%| O|  |TAMS 0x0000000085300000, 0x0000000085200000| Untracked 
|  83|0x0000000085300000, 0x0000000085400000, 0x0000000085400000|100%| O|  |TAMS 0x0000000085400000, 0x0000000085300000| Untracked 
|  84|0x0000000085400000, 0x0000000085500000, 0x0000000085500000|100%| O|  |TAMS 0x0000000085500000, 0x0000000085400000| Untracked 
|  85|0x0000000085500000, 0x0000000085600000, 0x0000000085600000|100%|HS|  |TAMS 0x0000000085600000, 0x0000000085500000| Complete 
|  86|0x0000000085600000, 0x0000000085700000, 0x0000000085700000|100%|HC|  |TAMS 0x0000000085700000, 0x0000000085600000| Complete 
|  87|0x0000000085700000, 0x0000000085800000, 0x0000000085800000|100%| O|  |TAMS 0x0000000085800000, 0x0000000085700000| Untracked 
|  88|0x0000000085800000, 0x0000000085900000, 0x0000000085900000|100%| O|  |TAMS 0x0000000085900000, 0x0000000085800000| Untracked 
|  89|0x0000000085900000, 0x0000000085a00000, 0x0000000085a00000|100%| O|  |TAMS 0x0000000085a00000, 0x0000000085900000| Untracked 
|  90|0x0000000085a00000, 0x0000000085b00000, 0x0000000085b00000|100%| O|  |TAMS 0x0000000085b00000, 0x0000000085a00000| Untracked 
|  91|0x0000000085b00000, 0x0000000085c00000, 0x0000000085c00000|100%| O|  |TAMS 0x0000000085c00000, 0x0000000085b00000| Untracked 
|  92|0x0000000085c00000, 0x0000000085d00000, 0x0000000085d00000|100%| O|  |TAMS 0x0000000085d00000, 0x0000000085c00000| Untracked 
|  93|0x0000000085d00000, 0x0000000085e00000, 0x0000000085e00000|100%| O|  |TAMS 0x0000000085e00000, 0x0000000085d00000| Untracked 
|  94|0x0000000085e00000, 0x0000000085f00000, 0x0000000085f00000|100%| O|  |TAMS 0x0000000085f00000, 0x0000000085e00000| Untracked 
|  95|0x0000000085f00000, 0x0000000086000000, 0x0000000086000000|100%| O|  |TAMS 0x0000000086000000, 0x0000000085f00000| Untracked 
|  96|0x0000000086000000, 0x0000000086100000, 0x0000000086100000|100%| O|  |TAMS 0x0000000086100000, 0x0000000086000000| Untracked 
|  97|0x0000000086100000, 0x0000000086200000, 0x0000000086200000|100%| O|  |TAMS 0x0000000086200000, 0x0000000086100000| Untracked 
|  98|0x0000000086200000, 0x0000000086300000, 0x0000000086300000|100%| O|  |TAMS 0x0000000086300000, 0x0000000086200000| Untracked 
|  99|0x0000000086300000, 0x0000000086400000, 0x0000000086400000|100%| O|  |TAMS 0x0000000086400000, 0x0000000086300000| Untracked 
| 100|0x0000000086400000, 0x0000000086500000, 0x0000000086500000|100%| O|  |TAMS 0x0000000086400000, 0x0000000086400000| Untracked 
| 101|0x0000000086500000, 0x0000000086600000, 0x0000000086600000|100%| O|  |TAMS 0x0000000086600000, 0x0000000086500000| Untracked 
| 102|0x0000000086600000, 0x0000000086700000, 0x0000000086700000|100%| O|  |TAMS 0x0000000086700000, 0x0000000086600000| Untracked 
| 103|0x0000000086700000, 0x0000000086800000, 0x0000000086800000|100%| O|  |TAMS 0x0000000086800000, 0x0000000086700000| Untracked 
| 104|0x0000000086800000, 0x0000000086800000, 0x0000000086900000|  0%| F|  |TAMS 0x0000000086800000, 0x0000000086800000| Untracked 
| 105|0x0000000086900000, 0x0000000086a00000, 0x0000000086a00000|100%| O|  |TAMS 0x0000000086900000, 0x0000000086900000| Untracked 
| 106|0x0000000086a00000, 0x0000000086b00000, 0x0000000086b00000|100%| O|  |TAMS 0x0000000086b00000, 0x0000000086a00000| Untracked 
| 107|0x0000000086b00000, 0x0000000086b00000, 0x0000000086c00000|  0%| F|  |TAMS 0x0000000086b00000, 0x0000000086b00000| Untracked 
| 108|0x0000000086c00000, 0x0000000086d00000, 0x0000000086d00000|100%| O|  |TAMS 0x0000000086c00000, 0x0000000086c00000| Untracked 
| 109|0x0000000086d00000, 0x0000000086e00000, 0x0000000086e00000|100%| O|  |TAMS 0x0000000086e00000, 0x0000000086d00000| Untracked 
| 110|0x0000000086e00000, 0x0000000086e00000, 0x0000000086f00000|  0%| F|  |TAMS 0x0000000086e00000, 0x0000000086e00000| Untracked 
| 111|0x0000000086f00000, 0x0000000087000000, 0x0000000087000000|100%| O|  |TAMS 0x0000000087000000, 0x0000000086f00000| Untracked 
| 112|0x0000000087000000, 0x0000000087100000, 0x0000000087100000|100%|HS|  |TAMS 0x0000000087100000, 0x0000000087000000| Complete 
| 113|0x0000000087100000, 0x0000000087200000, 0x0000000087200000|100%|HC|  |TAMS 0x0000000087200000, 0x0000000087100000| Complete 
| 114|0x0000000087200000, 0x0000000087300000, 0x0000000087300000|100%|HC|  |TAMS 0x0000000087300000, 0x0000000087200000| Complete 
| 115|0x0000000087300000, 0x0000000087400000, 0x0000000087400000|100%|HS|  |TAMS 0x0000000087400000, 0x0000000087300000| Complete 
| 116|0x0000000087400000, 0x0000000087500000, 0x0000000087500000|100%|HC|  |TAMS 0x0000000087500000, 0x0000000087400000| Complete 
| 117|0x0000000087500000, 0x0000000087600000, 0x0000000087600000|100%|HC|  |TAMS 0x0000000087600000, 0x0000000087500000| Complete 
| 118|0x0000000087600000, 0x0000000087700000, 0x0000000087700000|100%| O|  |TAMS 0x0000000087600000, 0x0000000087600000| Untracked 
| 119|0x0000000087700000, 0x0000000087700000, 0x0000000087800000|  0%| F|  |TAMS 0x0000000087700000, 0x0000000087700000| Untracked 
| 120|0x0000000087800000, 0x0000000087900000, 0x0000000087900000|100%| O|  |TAMS 0x0000000087800000, 0x0000000087800000| Untracked 
| 121|0x0000000087900000, 0x0000000087a00000, 0x0000000087a00000|100%| O|  |TAMS 0x0000000087a00000, 0x0000000087900000| Untracked 
| 122|0x0000000087a00000, 0x0000000087b00000, 0x0000000087b00000|100%|HS|  |TAMS 0x0000000087a00000, 0x0000000087a00000| Complete 
| 123|0x0000000087b00000, 0x0000000087c00000, 0x0000000087c00000|100%|HC|  |TAMS 0x0000000087b00000, 0x0000000087b00000| Complete 
| 124|0x0000000087c00000, 0x0000000087d00000, 0x0000000087d00000|100%| O|  |TAMS 0x0000000087d00000, 0x0000000087c00000| Untracked 
| 125|0x0000000087d00000, 0x0000000087e00000, 0x0000000087e00000|100%| O|  |TAMS 0x0000000087e00000, 0x0000000087d00000| Untracked 
| 126|0x0000000087e00000, 0x0000000087f00000, 0x0000000087f00000|100%| O|  |TAMS 0x0000000087f00000, 0x0000000087e00000| Untracked 
| 127|0x0000000087f00000, 0x0000000088000000, 0x0000000088000000|100%| O|  |TAMS 0x0000000088000000, 0x0000000087f00000| Untracked 
| 128|0x0000000088000000, 0x0000000088100000, 0x0000000088100000|100%| O|  |TAMS 0x0000000088100000, 0x0000000088000000| Untracked 
| 129|0x0000000088100000, 0x0000000088200000, 0x0000000088200000|100%| O|  |TAMS 0x0000000088200000, 0x0000000088100000| Untracked 
| 130|0x0000000088200000, 0x0000000088300000, 0x0000000088300000|100%| O|  |TAMS 0x0000000088300000, 0x0000000088200000| Untracked 
| 131|0x0000000088300000, 0x0000000088400000, 0x0000000088400000|100%| O|  |TAMS 0x0000000088400000, 0x0000000088300000| Untracked 
| 132|0x0000000088400000, 0x0000000088500000, 0x0000000088500000|100%| O|  |TAMS 0x0000000088500000, 0x0000000088400000| Untracked 
| 133|0x0000000088500000, 0x0000000088600000, 0x0000000088600000|100%| O|  |TAMS 0x0000000088600000, 0x0000000088500000| Untracked 
| 134|0x0000000088600000, 0x0000000088700000, 0x0000000088700000|100%| O|  |TAMS 0x0000000088700000, 0x0000000088600000| Untracked 
| 135|0x0000000088700000, 0x0000000088800000, 0x0000000088800000|100%| O|  |TAMS 0x0000000088800000, 0x0000000088700000| Untracked 
| 136|0x0000000088800000, 0x0000000088900000, 0x0000000088900000|100%| O|  |TAMS 0x0000000088900000, 0x0000000088800000| Untracked 
| 137|0x0000000088900000, 0x0000000088a00000, 0x0000000088a00000|100%| O|  |TAMS 0x0000000088a00000, 0x0000000088900000| Untracked 
| 138|0x0000000088a00000, 0x0000000088b00000, 0x0000000088b00000|100%| O|  |TAMS 0x0000000088b00000, 0x0000000088a00000| Untracked 
| 139|0x0000000088b00000, 0x0000000088c00000, 0x0000000088c00000|100%| O|  |TAMS 0x0000000088b00000, 0x0000000088b00000| Untracked 
| 140|0x0000000088c00000, 0x0000000088c00000, 0x0000000088d00000|  0%| F|  |TAMS 0x0000000088c00000, 0x0000000088c00000| Untracked 
| 141|0x0000000088d00000, 0x0000000088e00000, 0x0000000088e00000|100%| O|  |TAMS 0x0000000088e00000, 0x0000000088d00000| Untracked 
| 142|0x0000000088e00000, 0x0000000088f00000, 0x0000000088f00000|100%| O|  |TAMS 0x0000000088f00000, 0x0000000088e00000| Untracked 
| 143|0x0000000088f00000, 0x0000000089000000, 0x0000000089000000|100%| O|  |TAMS 0x0000000089000000, 0x0000000088f00000| Untracked 
| 144|0x0000000089000000, 0x0000000089100000, 0x0000000089100000|100%| O|  |TAMS 0x0000000089100000, 0x0000000089000000| Untracked 
| 145|0x0000000089100000, 0x0000000089200000, 0x0000000089200000|100%| O|  |TAMS 0x0000000089200000, 0x0000000089100000| Untracked 
| 146|0x0000000089200000, 0x0000000089300000, 0x0000000089300000|100%| O|  |TAMS 0x0000000089300000, 0x0000000089200000| Untracked 
| 147|0x0000000089300000, 0x0000000089400000, 0x0000000089400000|100%| O|  |TAMS 0x0000000089400000, 0x0000000089300000| Untracked 
| 148|0x0000000089400000, 0x0000000089500000, 0x0000000089500000|100%| O|  |TAMS 0x0000000089500000, 0x0000000089400000| Untracked 
| 149|0x0000000089500000, 0x0000000089600000, 0x0000000089600000|100%| O|  |TAMS 0x0000000089600000, 0x0000000089500000| Untracked 
| 150|0x0000000089600000, 0x0000000089600000, 0x0000000089700000|  0%| F|  |TAMS 0x0000000089600000, 0x0000000089600000| Untracked 
| 151|0x0000000089700000, 0x0000000089800000, 0x0000000089800000|100%| O|  |TAMS 0x0000000089700000, 0x0000000089700000| Untracked 
| 152|0x0000000089800000, 0x0000000089900000, 0x0000000089900000|100%| O|  |TAMS 0x0000000089900000, 0x0000000089800000| Untracked 
| 153|0x0000000089900000, 0x0000000089a00000, 0x0000000089a00000|100%| O|  |TAMS 0x0000000089a00000, 0x0000000089900000| Untracked 
| 154|0x0000000089a00000, 0x0000000089b00000, 0x0000000089b00000|100%| O|  |TAMS 0x0000000089b00000, 0x0000000089a00000| Untracked 
| 155|0x0000000089b00000, 0x0000000089c00000, 0x0000000089c00000|100%| O|  |TAMS 0x0000000089c00000, 0x0000000089b00000| Untracked 
| 156|0x0000000089c00000, 0x0000000089d00000, 0x0000000089d00000|100%| O|  |TAMS 0x0000000089d00000, 0x0000000089c00000| Untracked 
| 157|0x0000000089d00000, 0x0000000089e00000, 0x0000000089e00000|100%| O|  |TAMS 0x0000000089e00000, 0x0000000089d00000| Untracked 
| 158|0x0000000089e00000, 0x0000000089f00000, 0x0000000089f00000|100%| O|  |TAMS 0x0000000089f00000, 0x0000000089e00000| Untracked 
| 159|0x0000000089f00000, 0x000000008a000000, 0x000000008a000000|100%| O|  |TAMS 0x000000008a000000, 0x0000000089f00000| Untracked 
| 160|0x000000008a000000, 0x000000008a100000, 0x000000008a100000|100%| O|  |TAMS 0x000000008a000000, 0x000000008a000000| Untracked 
| 161|0x000000008a100000, 0x000000008a200000, 0x000000008a200000|100%| O|  |TAMS 0x000000008a200000, 0x000000008a100000| Untracked 
| 162|0x000000008a200000, 0x000000008a300000, 0x000000008a300000|100%| O|  |TAMS 0x000000008a300000, 0x000000008a200000| Untracked 
| 163|0x000000008a300000, 0x000000008a300000, 0x000000008a400000|  0%| F|  |TAMS 0x000000008a300000, 0x000000008a300000| Untracked 
| 164|0x000000008a400000, 0x000000008a500000, 0x000000008a500000|100%| O|  |TAMS 0x000000008a400000, 0x000000008a400000| Untracked 
| 165|0x000000008a500000, 0x000000008a600000, 0x000000008a600000|100%| O|  |TAMS 0x000000008a600000, 0x000000008a500000| Untracked 
| 166|0x000000008a600000, 0x000000008a700000, 0x000000008a700000|100%| O|  |TAMS 0x000000008a600000, 0x000000008a600000| Untracked 
| 167|0x000000008a700000, 0x000000008a800000, 0x000000008a800000|100%| O|  |TAMS 0x000000008a800000, 0x000000008a700000| Untracked 
| 168|0x000000008a800000, 0x000000008a900000, 0x000000008a900000|100%| O|  |TAMS 0x000000008a900000, 0x000000008a800000| Untracked 
| 169|0x000000008a900000, 0x000000008aa00000, 0x000000008aa00000|100%| O|  |TAMS 0x000000008a900000, 0x000000008a900000| Untracked 
| 170|0x000000008aa00000, 0x000000008ab00000, 0x000000008ab00000|100%| O|  |TAMS 0x000000008ab00000, 0x000000008aa00000| Untracked 
| 171|0x000000008ab00000, 0x000000008ac00000, 0x000000008ac00000|100%| O|  |TAMS 0x000000008ac00000, 0x000000008ab00000| Untracked 
| 172|0x000000008ac00000, 0x000000008ad00000, 0x000000008ad00000|100%| O|  |TAMS 0x000000008ad00000, 0x000000008ac00000| Untracked 
| 173|0x000000008ad00000, 0x000000008ad00000, 0x000000008ae00000|  0%| F|  |TAMS 0x000000008ad00000, 0x000000008ad00000| Untracked 
| 174|0x000000008ae00000, 0x000000008af00000, 0x000000008af00000|100%| O|  |TAMS 0x000000008af00000, 0x000000008ae00000| Untracked 
| 175|0x000000008af00000, 0x000000008b000000, 0x000000008b000000|100%| O|  |TAMS 0x000000008af00000, 0x000000008af00000| Untracked 
| 176|0x000000008b000000, 0x000000008b100000, 0x000000008b100000|100%| O|  |TAMS 0x000000008b100000, 0x000000008b000000| Untracked 
| 177|0x000000008b100000, 0x000000008b200000, 0x000000008b200000|100%| O|  |TAMS 0x000000008b200000, 0x000000008b100000| Untracked 
| 178|0x000000008b200000, 0x000000008b300000, 0x000000008b300000|100%| O|  |TAMS 0x000000008b200000, 0x000000008b200000| Untracked 
| 179|0x000000008b300000, 0x000000008b400000, 0x000000008b400000|100%| O|  |TAMS 0x000000008b400000, 0x000000008b300000| Untracked 
| 180|0x000000008b400000, 0x000000008b400000, 0x000000008b500000|  0%| F|  |TAMS 0x000000008b400000, 0x000000008b400000| Untracked 
| 181|0x000000008b500000, 0x000000008b600000, 0x000000008b600000|100%| O|  |TAMS 0x000000008b600000, 0x000000008b500000| Untracked 
| 182|0x000000008b600000, 0x000000008b700000, 0x000000008b700000|100%| O|  |TAMS 0x000000008b600000, 0x000000008b600000| Untracked 
| 183|0x000000008b700000, 0x000000008b700000, 0x000000008b800000|  0%| F|  |TAMS 0x000000008b700000, 0x000000008b700000| Untracked 
| 184|0x000000008b800000, 0x000000008b900000, 0x000000008b900000|100%| O|  |TAMS 0x000000008b900000, 0x000000008b800000| Untracked 
| 185|0x000000008b900000, 0x000000008ba00000, 0x000000008ba00000|100%| O|  |TAMS 0x000000008ba00000, 0x000000008b900000| Untracked 
| 186|0x000000008ba00000, 0x000000008bb00000, 0x000000008bb00000|100%| O|  |TAMS 0x000000008bb00000, 0x000000008ba00000| Untracked 
| 187|0x000000008bb00000, 0x000000008bc00000, 0x000000008bc00000|100%| O|  |TAMS 0x000000008bc00000, 0x000000008bb00000| Untracked 
| 188|0x000000008bc00000, 0x000000008bd00000, 0x000000008bd00000|100%| O|  |TAMS 0x000000008bd00000, 0x000000008bc00000| Untracked 
| 189|0x000000008bd00000, 0x000000008be00000, 0x000000008be00000|100%| O|  |TAMS 0x000000008bd00000, 0x000000008bd00000| Untracked 
| 190|0x000000008be00000, 0x000000008bf00000, 0x000000008bf00000|100%| O|  |TAMS 0x000000008bf00000, 0x000000008be00000| Untracked 
| 191|0x000000008bf00000, 0x000000008c000000, 0x000000008c000000|100%| O|  |TAMS 0x000000008c000000, 0x000000008bf00000| Untracked 
| 192|0x000000008c000000, 0x000000008c100000, 0x000000008c100000|100%| O|  |TAMS 0x000000008c000000, 0x000000008c000000| Untracked 
| 193|0x000000008c100000, 0x000000008c200000, 0x000000008c200000|100%| O|  |TAMS 0x000000008c100000, 0x000000008c100000| Untracked 
| 194|0x000000008c200000, 0x000000008c300000, 0x000000008c300000|100%| O|  |TAMS 0x000000008c200000, 0x000000008c200000| Untracked 
| 195|0x000000008c300000, 0x000000008c400000, 0x000000008c400000|100%|HS|  |TAMS 0x000000008c400000, 0x000000008c300000| Complete 
| 196|0x000000008c400000, 0x000000008c500000, 0x000000008c500000|100%|HS|  |TAMS 0x000000008c500000, 0x000000008c400000| Complete 
| 197|0x000000008c500000, 0x000000008c600000, 0x000000008c600000|100%| O|  |TAMS 0x000000008c600000, 0x000000008c500000| Untracked 
| 198|0x000000008c600000, 0x000000008c700000, 0x000000008c700000|100%| O|  |TAMS 0x000000008c600000, 0x000000008c600000| Untracked 
| 199|0x000000008c700000, 0x000000008c800000, 0x000000008c800000|100%| O|  |TAMS 0x000000008c800000, 0x000000008c700000| Untracked 
| 200|0x000000008c800000, 0x000000008c900000, 0x000000008c900000|100%| O|  |TAMS 0x000000008c900000, 0x000000008c800000| Untracked 
| 201|0x000000008c900000, 0x000000008ca00000, 0x000000008ca00000|100%| O|  |TAMS 0x000000008c900000, 0x000000008c900000| Untracked 
| 202|0x000000008ca00000, 0x000000008cb00000, 0x000000008cb00000|100%| O|  |TAMS 0x000000008ca00000, 0x000000008ca00000| Untracked 
| 203|0x000000008cb00000, 0x000000008cb00000, 0x000000008cc00000|  0%| F|  |TAMS 0x000000008cb00000, 0x000000008cb00000| Untracked 
| 204|0x000000008cc00000, 0x000000008cc00000, 0x000000008cd00000|  0%| F|  |TAMS 0x000000008cc00000, 0x000000008cc00000| Untracked 
| 205|0x000000008cd00000, 0x000000008ce00000, 0x000000008ce00000|100%| O|  |TAMS 0x000000008cd00000, 0x000000008cd00000| Untracked 
| 206|0x000000008ce00000, 0x000000008ce00000, 0x000000008cf00000|  0%| F|  |TAMS 0x000000008ce00000, 0x000000008ce00000| Untracked 
| 207|0x000000008cf00000, 0x000000008d000000, 0x000000008d000000|100%| O|  |TAMS 0x000000008d000000, 0x000000008cf00000| Untracked 
| 208|0x000000008d000000, 0x000000008d100000, 0x000000008d100000|100%| O|  |TAMS 0x000000008d000000, 0x000000008d000000| Untracked 
| 209|0x000000008d100000, 0x000000008d200000, 0x000000008d200000|100%| O|  |TAMS 0x000000008d100000, 0x000000008d100000| Untracked 
| 210|0x000000008d200000, 0x000000008d300000, 0x000000008d300000|100%| O|  |TAMS 0x000000008d300000, 0x000000008d200000| Untracked 
| 211|0x000000008d300000, 0x000000008d400000, 0x000000008d400000|100%| O|  |TAMS 0x000000008d300000, 0x000000008d300000| Untracked 
| 212|0x000000008d400000, 0x000000008d500000, 0x000000008d500000|100%| O|  |TAMS 0x000000008d500000, 0x000000008d400000| Untracked 
| 213|0x000000008d500000, 0x000000008d600000, 0x000000008d600000|100%| O|  |TAMS 0x000000008d500000, 0x000000008d500000| Untracked 
| 214|0x000000008d600000, 0x000000008d700000, 0x000000008d700000|100%| O|  |TAMS 0x000000008d600000, 0x000000008d600000| Untracked 
| 215|0x000000008d700000, 0x000000008d800000, 0x000000008d800000|100%| O|  |TAMS 0x000000008d800000, 0x000000008d700000| Untracked 
| 216|0x000000008d800000, 0x000000008d800000, 0x000000008d900000|  0%| F|  |TAMS 0x000000008d800000, 0x000000008d800000| Untracked 
| 217|0x000000008d900000, 0x000000008da00000, 0x000000008da00000|100%| O|  |TAMS 0x000000008da00000, 0x000000008d900000| Untracked 
| 218|0x000000008da00000, 0x000000008db00000, 0x000000008db00000|100%| O|  |TAMS 0x000000008db00000, 0x000000008da00000| Untracked 
| 219|0x000000008db00000, 0x000000008dc00000, 0x000000008dc00000|100%| O|  |TAMS 0x000000008db00000, 0x000000008db00000| Untracked 
| 220|0x000000008dc00000, 0x000000008dd00000, 0x000000008dd00000|100%| O|  |TAMS 0x000000008dd00000, 0x000000008dc00000| Untracked 
| 221|0x000000008dd00000, 0x000000008de00000, 0x000000008de00000|100%| O|  |TAMS 0x000000008de00000, 0x000000008dd00000| Untracked 
| 222|0x000000008de00000, 0x000000008df00000, 0x000000008df00000|100%| O|  |TAMS 0x000000008df00000, 0x000000008de00000| Untracked 
| 223|0x000000008df00000, 0x000000008e000000, 0x000000008e000000|100%| O|  |TAMS 0x000000008e000000, 0x000000008df00000| Untracked 
| 224|0x000000008e000000, 0x000000008e100000, 0x000000008e100000|100%| O|  |TAMS 0x000000008e100000, 0x000000008e000000| Untracked 
| 225|0x000000008e100000, 0x000000008e200000, 0x000000008e200000|100%| O|  |TAMS 0x000000008e200000, 0x000000008e100000| Untracked 
| 226|0x000000008e200000, 0x000000008e300000, 0x000000008e300000|100%| O|  |TAMS 0x000000008e200000, 0x000000008e200000| Untracked 
| 227|0x000000008e300000, 0x000000008e400000, 0x000000008e400000|100%| O|  |TAMS 0x000000008e300000, 0x000000008e300000| Untracked 
| 228|0x000000008e400000, 0x000000008e500000, 0x000000008e500000|100%| O|  |TAMS 0x000000008e500000, 0x000000008e400000| Untracked 
| 229|0x000000008e500000, 0x000000008e600000, 0x000000008e600000|100%| O|  |TAMS 0x000000008e600000, 0x000000008e500000| Untracked 
| 230|0x000000008e600000, 0x000000008e700000, 0x000000008e700000|100%| O|  |TAMS 0x000000008e700000, 0x000000008e600000| Untracked 
| 231|0x000000008e700000, 0x000000008e800000, 0x000000008e800000|100%| O|  |TAMS 0x000000008e800000, 0x000000008e700000| Untracked 
| 232|0x000000008e800000, 0x000000008e800000, 0x000000008e900000|  0%| F|  |TAMS 0x000000008e800000, 0x000000008e800000| Untracked 
| 233|0x000000008e900000, 0x000000008ea00000, 0x000000008ea00000|100%| O|  |TAMS 0x000000008ea00000, 0x000000008e900000| Untracked 
| 234|0x000000008ea00000, 0x000000008eb00000, 0x000000008eb00000|100%| O|  |TAMS 0x000000008eb00000, 0x000000008ea00000| Untracked 
| 235|0x000000008eb00000, 0x000000008ec00000, 0x000000008ec00000|100%| O|  |TAMS 0x000000008ec00000, 0x000000008eb00000| Untracked 
| 236|0x000000008ec00000, 0x000000008ed00000, 0x000000008ed00000|100%| O|  |TAMS 0x000000008ed00000, 0x000000008ec00000| Untracked 
| 237|0x000000008ed00000, 0x000000008ee00000, 0x000000008ee00000|100%| O|  |TAMS 0x000000008ee00000, 0x000000008ed00000| Untracked 
| 238|0x000000008ee00000, 0x000000008ee88800, 0x000000008ef00000| 53%| O|  |TAMS 0x000000008ee00000, 0x000000008ee00000| Untracked 
| 239|0x000000008ef00000, 0x000000008f000000, 0x000000008f000000|100%| O|  |TAMS 0x000000008f000000, 0x000000008ef00000| Untracked 
| 240|0x000000008f000000, 0x000000008f100000, 0x000000008f100000|100%| O|  |TAMS 0x000000008f100000, 0x000000008f000000| Untracked 
| 241|0x000000008f100000, 0x000000008f100000, 0x000000008f200000|  0%| F|  |TAMS 0x000000008f100000, 0x000000008f100000| Untracked 
| 242|0x000000008f200000, 0x000000008f300000, 0x000000008f300000|100%| O|  |TAMS 0x000000008f300000, 0x000000008f200000| Untracked 
| 243|0x000000008f300000, 0x000000008f400000, 0x000000008f400000|100%| O|  |TAMS 0x000000008f400000, 0x000000008f300000| Untracked 
| 244|0x000000008f400000, 0x000000008f500000, 0x000000008f500000|100%| O|  |TAMS 0x000000008f500000, 0x000000008f400000| Untracked 
| 245|0x000000008f500000, 0x000000008f500000, 0x000000008f600000|  0%| F|  |TAMS 0x000000008f500000, 0x000000008f500000| Untracked 
| 246|0x000000008f600000, 0x000000008f700000, 0x000000008f700000|100%| O|  |TAMS 0x000000008f700000, 0x000000008f600000| Untracked 
| 247|0x000000008f700000, 0x000000008f800000, 0x000000008f800000|100%| O|  |TAMS 0x000000008f800000, 0x000000008f700000| Untracked 
| 248|0x000000008f800000, 0x000000008f900000, 0x000000008f900000|100%| O|  |TAMS 0x000000008f900000, 0x000000008f800000| Untracked 
| 249|0x000000008f900000, 0x000000008fa00000, 0x000000008fa00000|100%| O|  |TAMS 0x000000008fa00000, 0x000000008f900000| Untracked 
| 250|0x000000008fa00000, 0x000000008fa00000, 0x000000008fb00000|  0%| F|  |TAMS 0x000000008fa00000, 0x000000008fa00000| Untracked 
| 251|0x000000008fb00000, 0x000000008fb00000, 0x000000008fc00000|  0%| F|  |TAMS 0x000000008fb00000, 0x000000008fb00000| Untracked 
| 252|0x000000008fc00000, 0x000000008fd00000, 0x000000008fd00000|100%| O|  |TAMS 0x000000008fd00000, 0x000000008fc00000| Untracked 
| 253|0x000000008fd00000, 0x000000008fe00000, 0x000000008fe00000|100%| O|  |TAMS 0x000000008fe00000, 0x000000008fd00000| Untracked 
| 254|0x000000008fe00000, 0x000000008fe00000, 0x000000008ff00000|  0%| F|  |TAMS 0x000000008fe00000, 0x000000008fe00000| Untracked 
| 255|0x000000008ff00000, 0x0000000090000000, 0x0000000090000000|100%| O|  |TAMS 0x0000000090000000, 0x000000008ff00000| Untracked 
| 256|0x0000000090000000, 0x0000000090100000, 0x0000000090100000|100%| O|  |TAMS 0x0000000090100000, 0x0000000090000000| Untracked 
| 257|0x0000000090100000, 0x00000000901fec00, 0x0000000090200000| 99%| O|  |TAMS 0x00000000901fec00, 0x0000000090100000| Untracked 
| 258|0x0000000090200000, 0x0000000090200000, 0x0000000090300000|  0%| F|  |TAMS 0x0000000090200000, 0x0000000090200000| Untracked 
| 259|0x0000000090300000, 0x0000000090300000, 0x0000000090400000|  0%| F|  |TAMS 0x0000000090300000, 0x0000000090300000| Untracked 
| 260|0x0000000090400000, 0x0000000090400000, 0x0000000090500000|  0%| F|  |TAMS 0x0000000090400000, 0x0000000090400000| Untracked 
| 261|0x0000000090500000, 0x0000000090500000, 0x0000000090600000|  0%| F|  |TAMS 0x0000000090500000, 0x0000000090500000| Untracked 
| 262|0x0000000090600000, 0x0000000090600000, 0x0000000090700000|  0%| F|  |TAMS 0x0000000090600000, 0x0000000090600000| Untracked 
| 263|0x0000000090700000, 0x0000000090700000, 0x0000000090800000|  0%| F|  |TAMS 0x0000000090700000, 0x0000000090700000| Untracked 
| 264|0x0000000090800000, 0x0000000090800000, 0x0000000090900000|  0%| F|  |TAMS 0x0000000090800000, 0x0000000090800000| Untracked 
| 265|0x0000000090900000, 0x0000000090900000, 0x0000000090a00000|  0%| F|  |TAMS 0x0000000090900000, 0x0000000090900000| Untracked 
| 266|0x0000000090a00000, 0x0000000090a00000, 0x0000000090b00000|  0%| F|  |TAMS 0x0000000090a00000, 0x0000000090a00000| Untracked 
| 267|0x0000000090b00000, 0x0000000090c00000, 0x0000000090c00000|100%| O|  |TAMS 0x0000000090c00000, 0x0000000090b00000| Untracked 
| 268|0x0000000090c00000, 0x0000000090c00000, 0x0000000090d00000|  0%| F|  |TAMS 0x0000000090c00000, 0x0000000090c00000| Untracked 
| 269|0x0000000090d00000, 0x0000000090d00000, 0x0000000090e00000|  0%| F|  |TAMS 0x0000000090d00000, 0x0000000090d00000| Untracked 
| 270|0x0000000090e00000, 0x0000000090e00000, 0x0000000090f00000|  0%| F|  |TAMS 0x0000000090e00000, 0x0000000090e00000| Untracked 
| 271|0x0000000090f00000, 0x0000000090f00000, 0x0000000091000000|  0%| F|  |TAMS 0x0000000090f00000, 0x0000000090f00000| Untracked 
| 272|0x0000000091000000, 0x0000000091000000, 0x0000000091100000|  0%| F|  |TAMS 0x0000000091000000, 0x0000000091000000| Untracked 
| 273|0x0000000091100000, 0x0000000091100000, 0x0000000091200000|  0%| F|  |TAMS 0x0000000091100000, 0x0000000091100000| Untracked 
| 274|0x0000000091200000, 0x0000000091200000, 0x0000000091300000|  0%| F|  |TAMS 0x0000000091200000, 0x0000000091200000| Untracked 
| 275|0x0000000091300000, 0x0000000091300000, 0x0000000091400000|  0%| F|  |TAMS 0x0000000091300000, 0x0000000091300000| Untracked 
| 276|0x0000000091400000, 0x0000000091500000, 0x0000000091500000|100%| O|  |TAMS 0x0000000091500000, 0x0000000091400000| Untracked 
| 277|0x0000000091500000, 0x0000000091500000, 0x0000000091600000|  0%| F|  |TAMS 0x0000000091500000, 0x0000000091500000| Untracked 
| 278|0x0000000091600000, 0x0000000091600000, 0x0000000091700000|  0%| F|  |TAMS 0x0000000091600000, 0x0000000091600000| Untracked 
| 279|0x0000000091700000, 0x0000000091700000, 0x0000000091800000|  0%| F|  |TAMS 0x0000000091700000, 0x0000000091700000| Untracked 
| 280|0x0000000091800000, 0x0000000091800000, 0x0000000091900000|  0%| F|  |TAMS 0x0000000091800000, 0x0000000091800000| Untracked 
| 281|0x0000000091900000, 0x0000000091900000, 0x0000000091a00000|  0%| F|  |TAMS 0x0000000091900000, 0x0000000091900000| Untracked 
| 282|0x0000000091a00000, 0x0000000091b00000, 0x0000000091b00000|100%| O|  |TAMS 0x0000000091b00000, 0x0000000091a00000| Untracked 
| 283|0x0000000091b00000, 0x0000000091c00000, 0x0000000091c00000|100%| O|  |TAMS 0x0000000091c00000, 0x0000000091b00000| Untracked 
| 284|0x0000000091c00000, 0x0000000091c00000, 0x0000000091d00000|  0%| F|  |TAMS 0x0000000091c00000, 0x0000000091c00000| Untracked 
| 285|0x0000000091d00000, 0x0000000091d00000, 0x0000000091e00000|  0%| F|  |TAMS 0x0000000091d00000, 0x0000000091d00000| Untracked 
| 286|0x0000000091e00000, 0x0000000091e00000, 0x0000000091f00000|  0%| F|  |TAMS 0x0000000091e00000, 0x0000000091e00000| Untracked 
| 287|0x0000000091f00000, 0x0000000091f00000, 0x0000000092000000|  0%| F|  |TAMS 0x0000000091f00000, 0x0000000091f00000| Untracked 
| 288|0x0000000092000000, 0x0000000092000000, 0x0000000092100000|  0%| F|  |TAMS 0x0000000092000000, 0x0000000092000000| Untracked 
| 289|0x0000000092100000, 0x0000000092200000, 0x0000000092200000|100%| O|  |TAMS 0x0000000092200000, 0x0000000092100000| Untracked 
| 290|0x0000000092200000, 0x0000000092200000, 0x0000000092300000|  0%| F|  |TAMS 0x0000000092200000, 0x0000000092200000| Untracked 
| 291|0x0000000092300000, 0x0000000092300000, 0x0000000092400000|  0%| F|  |TAMS 0x0000000092300000, 0x0000000092300000| Untracked 
| 292|0x0000000092400000, 0x0000000092400000, 0x0000000092500000|  0%| F|  |TAMS 0x0000000092400000, 0x0000000092400000| Untracked 
| 293|0x0000000092500000, 0x0000000092500000, 0x0000000092600000|  0%| F|  |TAMS 0x0000000092500000, 0x0000000092500000| Untracked 
| 294|0x0000000092600000, 0x0000000092600000, 0x0000000092700000|  0%| F|  |TAMS 0x0000000092600000, 0x0000000092600000| Untracked 
| 295|0x0000000092700000, 0x0000000092800000, 0x0000000092800000|100%| O|  |TAMS 0x0000000092800000, 0x0000000092700000| Untracked 
| 296|0x0000000092800000, 0x0000000092900000, 0x0000000092900000|100%| O|  |TAMS 0x0000000092900000, 0x0000000092800000| Untracked 
| 297|0x0000000092900000, 0x0000000092900000, 0x0000000092a00000|  0%| F|  |TAMS 0x0000000092900000, 0x0000000092900000| Untracked 
| 298|0x0000000092a00000, 0x0000000092a00000, 0x0000000092b00000|  0%| F|  |TAMS 0x0000000092a00000, 0x0000000092a00000| Untracked 
| 299|0x0000000092b00000, 0x0000000092c00000, 0x0000000092c00000|100%| O|  |TAMS 0x0000000092c00000, 0x0000000092b00000| Untracked 
| 300|0x0000000092c00000, 0x0000000092c00000, 0x0000000092d00000|  0%| F|  |TAMS 0x0000000092c00000, 0x0000000092c00000| Untracked 
| 301|0x0000000092d00000, 0x0000000092d00000, 0x0000000092e00000|  0%| F|  |TAMS 0x0000000092d00000, 0x0000000092d00000| Untracked 
| 302|0x0000000092e00000, 0x0000000092f00000, 0x0000000092f00000|100%|HS|  |TAMS 0x0000000092f00000, 0x0000000092e00000| Complete 
| 303|0x0000000092f00000, 0x0000000092f00000, 0x0000000093000000|  0%| F|  |TAMS 0x0000000092f00000, 0x0000000092f00000| Untracked 
| 304|0x0000000093000000, 0x0000000093000000, 0x0000000093100000|  0%| F|  |TAMS 0x0000000093000000, 0x0000000093000000| Untracked 
| 305|0x0000000093100000, 0x0000000093200000, 0x0000000093200000|100%|HS|  |TAMS 0x0000000093200000, 0x0000000093100000| Complete 
| 306|0x0000000093200000, 0x0000000093300000, 0x0000000093300000|100%|HC|  |TAMS 0x0000000093300000, 0x0000000093200000| Complete 
| 307|0x0000000093300000, 0x0000000093400000, 0x0000000093400000|100%|HS|  |TAMS 0x0000000093400000, 0x0000000093300000| Complete 
| 308|0x0000000093400000, 0x0000000093400000, 0x0000000093500000|  0%| F|  |TAMS 0x0000000093400000, 0x0000000093400000| Untracked 
| 309|0x0000000093500000, 0x0000000093600000, 0x0000000093600000|100%|HS|  |TAMS 0x0000000093600000, 0x0000000093500000| Complete 
| 310|0x0000000093600000, 0x0000000093700000, 0x0000000093700000|100%| O|  |TAMS 0x0000000093700000, 0x0000000093600000| Untracked 
| 311|0x0000000093700000, 0x0000000093700000, 0x0000000093800000|  0%| F|  |TAMS 0x0000000093700000, 0x0000000093700000| Untracked 
| 312|0x0000000093800000, 0x0000000093900000, 0x0000000093900000|100%| O|  |TAMS 0x0000000093900000, 0x0000000093800000| Untracked 
| 313|0x0000000093900000, 0x0000000093900000, 0x0000000093a00000|  0%| F|  |TAMS 0x0000000093900000, 0x0000000093900000| Untracked 
| 314|0x0000000093a00000, 0x0000000093a00000, 0x0000000093b00000|  0%| F|  |TAMS 0x0000000093a00000, 0x0000000093a00000| Untracked 
| 315|0x0000000093b00000, 0x0000000093c00000, 0x0000000093c00000|100%|HS|  |TAMS 0x0000000093c00000, 0x0000000093b00000| Complete 
| 316|0x0000000093c00000, 0x0000000093d00000, 0x0000000093d00000|100%|HC|  |TAMS 0x0000000093d00000, 0x0000000093c00000| Complete 
| 317|0x0000000093d00000, 0x0000000093d00000, 0x0000000093e00000|  0%| F|  |TAMS 0x0000000093d00000, 0x0000000093d00000| Untracked 
| 318|0x0000000093e00000, 0x0000000093f00000, 0x0000000093f00000|100%| O|  |TAMS 0x0000000093f00000, 0x0000000093e00000| Untracked 
| 319|0x0000000093f00000, 0x0000000094000000, 0x0000000094000000|100%| O|  |TAMS 0x0000000094000000, 0x0000000093f00000| Untracked 
| 320|0x0000000094000000, 0x0000000094000000, 0x0000000094100000|  0%| F|  |TAMS 0x0000000094000000, 0x0000000094000000| Untracked 
| 321|0x0000000094100000, 0x0000000094200000, 0x0000000094200000|100%| O|  |TAMS 0x0000000094200000, 0x0000000094100000| Untracked 
| 322|0x0000000094200000, 0x0000000094300000, 0x0000000094300000|100%|HS|  |TAMS 0x0000000094300000, 0x0000000094200000| Complete 
| 323|0x0000000094300000, 0x0000000094400000, 0x0000000094400000|100%|HC|  |TAMS 0x0000000094400000, 0x0000000094300000| Complete 
| 324|0x0000000094400000, 0x0000000094500000, 0x0000000094500000|100%|HC|  |TAMS 0x0000000094500000, 0x0000000094400000| Complete 
| 325|0x0000000094500000, 0x0000000094600000, 0x0000000094600000|100%|HC|  |TAMS 0x0000000094600000, 0x0000000094500000| Complete 
| 326|0x0000000094600000, 0x0000000094700000, 0x0000000094700000|100%| O|  |TAMS 0x0000000094700000, 0x0000000094600000| Untracked 
| 327|0x0000000094700000, 0x0000000094800000, 0x0000000094800000|100%| O|  |TAMS 0x0000000094800000, 0x0000000094700000| Untracked 
| 328|0x0000000094800000, 0x0000000094900000, 0x0000000094900000|100%| O|  |TAMS 0x0000000094900000, 0x0000000094800000| Untracked 
| 329|0x0000000094900000, 0x0000000094a00000, 0x0000000094a00000|100%| O|  |TAMS 0x0000000094a00000, 0x0000000094900000| Untracked 
| 330|0x0000000094a00000, 0x0000000094b00000, 0x0000000094b00000|100%| O|  |TAMS 0x0000000094b00000, 0x0000000094a00000| Untracked 
| 331|0x0000000094b00000, 0x0000000094b00000, 0x0000000094c00000|  0%| F|  |TAMS 0x0000000094b00000, 0x0000000094b00000| Untracked 
| 332|0x0000000094c00000, 0x0000000094c00000, 0x0000000094d00000|  0%| F|  |TAMS 0x0000000094c00000, 0x0000000094c00000| Untracked 
| 333|0x0000000094d00000, 0x0000000094d00000, 0x0000000094e00000|  0%| F|  |TAMS 0x0000000094d00000, 0x0000000094d00000| Untracked 
| 334|0x0000000094e00000, 0x0000000094e00000, 0x0000000094f00000|  0%| F|  |TAMS 0x0000000094e00000, 0x0000000094e00000| Untracked 
| 335|0x0000000094f00000, 0x0000000094f00000, 0x0000000095000000|  0%| F|  |TAMS 0x0000000094f00000, 0x0000000094f00000| Untracked 
| 336|0x0000000095000000, 0x0000000095000000, 0x0000000095100000|  0%| F|  |TAMS 0x0000000095000000, 0x0000000095000000| Untracked 
| 337|0x0000000095100000, 0x0000000095200000, 0x0000000095200000|100%|HS|  |TAMS 0x0000000095200000, 0x0000000095100000| Complete 
| 338|0x0000000095200000, 0x0000000095200000, 0x0000000095300000|  0%| F|  |TAMS 0x0000000095200000, 0x0000000095200000| Untracked 
| 339|0x0000000095300000, 0x0000000095300000, 0x0000000095400000|  0%| F|  |TAMS 0x0000000095300000, 0x0000000095300000| Untracked 
| 340|0x0000000095400000, 0x0000000095400000, 0x0000000095500000|  0%| F|  |TAMS 0x0000000095400000, 0x0000000095400000| Untracked 
| 341|0x0000000095500000, 0x0000000095500000, 0x0000000095600000|  0%| F|  |TAMS 0x0000000095500000, 0x0000000095500000| Untracked 
| 342|0x0000000095600000, 0x0000000095600000, 0x0000000095700000|  0%| F|  |TAMS 0x0000000095600000, 0x0000000095600000| Untracked 
| 343|0x0000000095700000, 0x0000000095700000, 0x0000000095800000|  0%| F|  |TAMS 0x0000000095700000, 0x0000000095700000| Untracked 
| 344|0x0000000095800000, 0x0000000095800000, 0x0000000095900000|  0%| F|  |TAMS 0x0000000095800000, 0x0000000095800000| Untracked 
| 345|0x0000000095900000, 0x0000000095a00000, 0x0000000095a00000|100%|HS|  |TAMS 0x0000000095a00000, 0x0000000095900000| Complete 
| 346|0x0000000095a00000, 0x0000000095b00000, 0x0000000095b00000|100%|HC|  |TAMS 0x0000000095b00000, 0x0000000095a00000| Complete 
| 347|0x0000000095b00000, 0x0000000095c00000, 0x0000000095c00000|100%|HC|  |TAMS 0x0000000095c00000, 0x0000000095b00000| Complete 
| 348|0x0000000095c00000, 0x0000000095d00000, 0x0000000095d00000|100%|HC|  |TAMS 0x0000000095d00000, 0x0000000095c00000| Complete 
| 349|0x0000000095d00000, 0x0000000095d00000, 0x0000000095e00000|  0%| F|  |TAMS 0x0000000095d00000, 0x0000000095d00000| Untracked 
| 350|0x0000000095e00000, 0x0000000095e00000, 0x0000000095f00000|  0%| F|  |TAMS 0x0000000095e00000, 0x0000000095e00000| Untracked 
| 351|0x0000000095f00000, 0x0000000095f00000, 0x0000000096000000|  0%| F|  |TAMS 0x0000000095f00000, 0x0000000095f00000| Untracked 
| 352|0x0000000096000000, 0x0000000096000000, 0x0000000096100000|  0%| F|  |TAMS 0x0000000096000000, 0x0000000096000000| Untracked 
| 353|0x0000000096100000, 0x0000000096100000, 0x0000000096200000|  0%| F|  |TAMS 0x0000000096100000, 0x0000000096100000| Untracked 
| 354|0x0000000096200000, 0x0000000096200000, 0x0000000096300000|  0%| F|  |TAMS 0x0000000096200000, 0x0000000096200000| Untracked 
| 355|0x0000000096300000, 0x0000000096300000, 0x0000000096400000|  0%| F|  |TAMS 0x0000000096300000, 0x0000000096300000| Untracked 
| 356|0x0000000096400000, 0x0000000096400000, 0x0000000096500000|  0%| F|  |TAMS 0x0000000096400000, 0x0000000096400000| Untracked 
| 357|0x0000000096500000, 0x0000000096500000, 0x0000000096600000|  0%| F|  |TAMS 0x0000000096500000, 0x0000000096500000| Untracked 
| 358|0x0000000096600000, 0x0000000096600000, 0x0000000096700000|  0%| F|  |TAMS 0x0000000096600000, 0x0000000096600000| Untracked 
| 359|0x0000000096700000, 0x0000000096700000, 0x0000000096800000|  0%| F|  |TAMS 0x0000000096700000, 0x0000000096700000| Untracked 
| 360|0x0000000096800000, 0x0000000096900000, 0x0000000096900000|100%| O|  |TAMS 0x0000000096900000, 0x0000000096800000| Untracked 
| 361|0x0000000096900000, 0x0000000096900000, 0x0000000096a00000|  0%| F|  |TAMS 0x0000000096900000, 0x0000000096900000| Untracked 
| 362|0x0000000096a00000, 0x0000000096a00000, 0x0000000096b00000|  0%| F|  |TAMS 0x0000000096a00000, 0x0000000096a00000| Untracked 
| 363|0x0000000096b00000, 0x0000000096c00000, 0x0000000096c00000|100%| O|  |TAMS 0x0000000096c00000, 0x0000000096b00000| Untracked 
| 364|0x0000000096c00000, 0x0000000096c00000, 0x0000000096d00000|  0%| F|  |TAMS 0x0000000096c00000, 0x0000000096c00000| Untracked 
| 365|0x0000000096d00000, 0x0000000096e00000, 0x0000000096e00000|100%| O|  |TAMS 0x0000000096e00000, 0x0000000096d00000| Untracked 
| 366|0x0000000096e00000, 0x0000000096f00000, 0x0000000096f00000|100%| O|  |TAMS 0x0000000096f00000, 0x0000000096e00000| Untracked 
| 367|0x0000000096f00000, 0x0000000097000000, 0x0000000097000000|100%| O|  |TAMS 0x0000000097000000, 0x0000000096f00000| Untracked 
| 368|0x0000000097000000, 0x0000000097100000, 0x0000000097100000|100%| O|  |TAMS 0x0000000097100000, 0x0000000097000000| Untracked 
| 369|0x0000000097100000, 0x0000000097100000, 0x0000000097200000|  0%| F|  |TAMS 0x0000000097100000, 0x0000000097100000| Untracked 
| 370|0x0000000097200000, 0x0000000097200000, 0x0000000097300000|  0%| F|  |TAMS 0x0000000097200000, 0x0000000097200000| Untracked 
| 371|0x0000000097300000, 0x0000000097300000, 0x0000000097400000|  0%| F|  |TAMS 0x0000000097300000, 0x0000000097300000| Untracked 
| 372|0x0000000097400000, 0x0000000097400000, 0x0000000097500000|  0%| F|  |TAMS 0x0000000097400000, 0x0000000097400000| Untracked 
| 373|0x0000000097500000, 0x0000000097500000, 0x0000000097600000|  0%| F|  |TAMS 0x0000000097500000, 0x0000000097500000| Untracked 
| 374|0x0000000097600000, 0x0000000097600000, 0x0000000097700000|  0%| F|  |TAMS 0x0000000097600000, 0x0000000097600000| Untracked 
| 375|0x0000000097700000, 0x0000000097700000, 0x0000000097800000|  0%| F|  |TAMS 0x0000000097700000, 0x0000000097700000| Untracked 
| 376|0x0000000097800000, 0x0000000097800000, 0x0000000097900000|  0%| F|  |TAMS 0x0000000097800000, 0x0000000097800000| Untracked 
| 377|0x0000000097900000, 0x0000000097900000, 0x0000000097a00000|  0%| F|  |TAMS 0x0000000097900000, 0x0000000097900000| Untracked 
| 378|0x0000000097a00000, 0x0000000097a00000, 0x0000000097b00000|  0%| F|  |TAMS 0x0000000097a00000, 0x0000000097a00000| Untracked 
| 379|0x0000000097b00000, 0x0000000097c00000, 0x0000000097c00000|100%| O|  |TAMS 0x0000000097c00000, 0x0000000097b00000| Untracked 
| 380|0x0000000097c00000, 0x0000000097d00000, 0x0000000097d00000|100%| O|  |TAMS 0x0000000097d00000, 0x0000000097c00000| Untracked 
| 381|0x0000000097d00000, 0x0000000097d00000, 0x0000000097e00000|  0%| F|  |TAMS 0x0000000097d00000, 0x0000000097d00000| Untracked 
| 382|0x0000000097e00000, 0x0000000097f00000, 0x0000000097f00000|100%| O|  |TAMS 0x0000000097f00000, 0x0000000097e00000| Untracked 
| 383|0x0000000097f00000, 0x0000000097f00000, 0x0000000098000000|  0%| F|  |TAMS 0x0000000097f00000, 0x0000000097f00000| Untracked 
| 384|0x0000000098000000, 0x0000000098000000, 0x0000000098100000|  0%| F|  |TAMS 0x0000000098000000, 0x0000000098000000| Untracked 
| 385|0x0000000098100000, 0x0000000098100000, 0x0000000098200000|  0%| F|  |TAMS 0x0000000098100000, 0x0000000098100000| Untracked 
| 386|0x0000000098200000, 0x0000000098200000, 0x0000000098300000|  0%| F|  |TAMS 0x0000000098200000, 0x0000000098200000| Untracked 
| 387|0x0000000098300000, 0x0000000098400000, 0x0000000098400000|100%| O|  |TAMS 0x0000000098400000, 0x0000000098300000| Untracked 
| 388|0x0000000098400000, 0x0000000098500000, 0x0000000098500000|100%| O|  |TAMS 0x0000000098500000, 0x0000000098400000| Untracked 
| 389|0x0000000098500000, 0x0000000098500000, 0x0000000098600000|  0%| F|  |TAMS 0x0000000098500000, 0x0000000098500000| Untracked 
| 390|0x0000000098600000, 0x0000000098700000, 0x0000000098700000|100%| O|  |TAMS 0x0000000098700000, 0x0000000098600000| Untracked 
| 391|0x0000000098700000, 0x0000000098800000, 0x0000000098800000|100%| O|  |TAMS 0x0000000098800000, 0x0000000098700000| Untracked 
| 392|0x0000000098800000, 0x0000000098800000, 0x0000000098900000|  0%| F|  |TAMS 0x0000000098800000, 0x0000000098800000| Untracked 
| 393|0x0000000098900000, 0x0000000098900000, 0x0000000098a00000|  0%| F|  |TAMS 0x0000000098900000, 0x0000000098900000| Untracked 
| 394|0x0000000098a00000, 0x0000000098a00000, 0x0000000098b00000|  0%| F|  |TAMS 0x0000000098a00000, 0x0000000098a00000| Untracked 
| 395|0x0000000098b00000, 0x0000000098b00000, 0x0000000098c00000|  0%| F|  |TAMS 0x0000000098b00000, 0x0000000098b00000| Untracked 
| 396|0x0000000098c00000, 0x0000000098d00000, 0x0000000098d00000|100%| O|  |TAMS 0x0000000098d00000, 0x0000000098c00000| Untracked 
| 397|0x0000000098d00000, 0x0000000098d00000, 0x0000000098e00000|  0%| F|  |TAMS 0x0000000098d00000, 0x0000000098d00000| Untracked 
| 398|0x0000000098e00000, 0x0000000098f00000, 0x0000000098f00000|100%| O|  |TAMS 0x0000000098f00000, 0x0000000098e00000| Untracked 
| 399|0x0000000098f00000, 0x0000000099000000, 0x0000000099000000|100%| O|  |TAMS 0x0000000099000000, 0x0000000098f00000| Untracked 
| 400|0x0000000099000000, 0x0000000099000000, 0x0000000099100000|  0%| F|  |TAMS 0x0000000099000000, 0x0000000099000000| Untracked 
| 401|0x0000000099100000, 0x0000000099100000, 0x0000000099200000|  0%| F|  |TAMS 0x0000000099100000, 0x0000000099100000| Untracked 
| 402|0x0000000099200000, 0x0000000099200000, 0x0000000099300000|  0%| F|  |TAMS 0x0000000099200000, 0x0000000099200000| Untracked 
| 403|0x0000000099300000, 0x0000000099400000, 0x0000000099400000|100%| O|  |TAMS 0x0000000099400000, 0x0000000099300000| Untracked 
| 404|0x0000000099400000, 0x0000000099400000, 0x0000000099500000|  0%| F|  |TAMS 0x0000000099400000, 0x0000000099400000| Untracked 
| 405|0x0000000099500000, 0x0000000099500000, 0x0000000099600000|  0%| F|  |TAMS 0x0000000099500000, 0x0000000099500000| Untracked 
| 406|0x0000000099600000, 0x0000000099600000, 0x0000000099700000|  0%| F|  |TAMS 0x0000000099600000, 0x0000000099600000| Untracked 
| 407|0x0000000099700000, 0x0000000099700000, 0x0000000099800000|  0%| F|  |TAMS 0x0000000099700000, 0x0000000099700000| Untracked 
| 408|0x0000000099800000, 0x0000000099800000, 0x0000000099900000|  0%| F|  |TAMS 0x0000000099800000, 0x0000000099800000| Untracked 
| 409|0x0000000099900000, 0x0000000099a00000, 0x0000000099a00000|100%|HS|  |TAMS 0x0000000099a00000, 0x0000000099900000| Complete 
| 410|0x0000000099a00000, 0x0000000099b00000, 0x0000000099b00000|100%|HC|  |TAMS 0x0000000099b00000, 0x0000000099a00000| Complete 
| 411|0x0000000099b00000, 0x0000000099c00000, 0x0000000099c00000|100%|HC|  |TAMS 0x0000000099c00000, 0x0000000099b00000| Complete 
| 412|0x0000000099c00000, 0x0000000099c00000, 0x0000000099d00000|  0%| F|  |TAMS 0x0000000099c00000, 0x0000000099c00000| Untracked 
| 413|0x0000000099d00000, 0x0000000099d00000, 0x0000000099e00000|  0%| F|  |TAMS 0x0000000099d00000, 0x0000000099d00000| Untracked 
| 414|0x0000000099e00000, 0x0000000099e00000, 0x0000000099f00000|  0%| F|  |TAMS 0x0000000099e00000, 0x0000000099e00000| Untracked 
| 415|0x0000000099f00000, 0x0000000099f00000, 0x000000009a000000|  0%| F|  |TAMS 0x0000000099f00000, 0x0000000099f00000| Untracked 
| 416|0x000000009a000000, 0x000000009a000000, 0x000000009a100000|  0%| F|  |TAMS 0x000000009a000000, 0x000000009a000000| Untracked 
| 417|0x000000009a100000, 0x000000009a100000, 0x000000009a200000|  0%| F|  |TAMS 0x000000009a100000, 0x000000009a100000| Untracked 
| 418|0x000000009a200000, 0x000000009a200000, 0x000000009a300000|  0%| F|  |TAMS 0x000000009a200000, 0x000000009a200000| Untracked 
| 419|0x000000009a300000, 0x000000009a300000, 0x000000009a400000|  0%| F|  |TAMS 0x000000009a300000, 0x000000009a300000| Untracked 
| 420|0x000000009a400000, 0x000000009a400000, 0x000000009a500000|  0%| F|  |TAMS 0x000000009a400000, 0x000000009a400000| Untracked 
| 421|0x000000009a500000, 0x000000009a500000, 0x000000009a600000|  0%| F|  |TAMS 0x000000009a500000, 0x000000009a500000| Untracked 
| 422|0x000000009a600000, 0x000000009a600000, 0x000000009a700000|  0%| F|  |TAMS 0x000000009a600000, 0x000000009a600000| Untracked 
| 423|0x000000009a700000, 0x000000009a700000, 0x000000009a800000|  0%| F|  |TAMS 0x000000009a700000, 0x000000009a700000| Untracked 
| 424|0x000000009a800000, 0x000000009a800000, 0x000000009a900000|  0%| F|  |TAMS 0x000000009a800000, 0x000000009a800000| Untracked 
| 425|0x000000009a900000, 0x000000009a900000, 0x000000009aa00000|  0%| F|  |TAMS 0x000000009a900000, 0x000000009a900000| Untracked 
| 426|0x000000009aa00000, 0x000000009aa00000, 0x000000009ab00000|  0%| F|  |TAMS 0x000000009aa00000, 0x000000009aa00000| Untracked 
| 427|0x000000009ab00000, 0x000000009ab00000, 0x000000009ac00000|  0%| F|  |TAMS 0x000000009ab00000, 0x000000009ab00000| Untracked 
| 428|0x000000009ac00000, 0x000000009ac00000, 0x000000009ad00000|  0%| F|  |TAMS 0x000000009ac00000, 0x000000009ac00000| Untracked 
| 429|0x000000009ad00000, 0x000000009ad00000, 0x000000009ae00000|  0%| F|  |TAMS 0x000000009ad00000, 0x000000009ad00000| Untracked 
| 430|0x000000009ae00000, 0x000000009af00000, 0x000000009af00000|100%| O|  |TAMS 0x000000009af00000, 0x000000009ae00000| Untracked 
| 431|0x000000009af00000, 0x000000009af00000, 0x000000009b000000|  0%| F|  |TAMS 0x000000009af00000, 0x000000009af00000| Untracked 
| 432|0x000000009b000000, 0x000000009b000000, 0x000000009b100000|  0%| F|  |TAMS 0x000000009b000000, 0x000000009b000000| Untracked 
| 433|0x000000009b100000, 0x000000009b100000, 0x000000009b200000|  0%| F|  |TAMS 0x000000009b100000, 0x000000009b100000| Untracked 
| 434|0x000000009b200000, 0x000000009b300000, 0x000000009b300000|100%| O|  |TAMS 0x000000009b300000, 0x000000009b200000| Untracked 
| 435|0x000000009b300000, 0x000000009b300000, 0x000000009b400000|  0%| F|  |TAMS 0x000000009b300000, 0x000000009b300000| Untracked 
| 436|0x000000009b400000, 0x000000009b400000, 0x000000009b500000|  0%| F|  |TAMS 0x000000009b400000, 0x000000009b400000| Untracked 
| 437|0x000000009b500000, 0x000000009b500000, 0x000000009b600000|  0%| F|  |TAMS 0x000000009b500000, 0x000000009b500000| Untracked 
| 438|0x000000009b600000, 0x000000009b600000, 0x000000009b700000|  0%| F|  |TAMS 0x000000009b600000, 0x000000009b600000| Untracked 
| 439|0x000000009b700000, 0x000000009b700000, 0x000000009b800000|  0%| F|  |TAMS 0x000000009b700000, 0x000000009b700000| Untracked 
| 440|0x000000009b800000, 0x000000009b900000, 0x000000009b900000|100%| O|  |TAMS 0x000000009b900000, 0x000000009b800000| Untracked 
| 441|0x000000009b900000, 0x000000009b900000, 0x000000009ba00000|  0%| F|  |TAMS 0x000000009b900000, 0x000000009b900000| Untracked 
| 442|0x000000009ba00000, 0x000000009ba00000, 0x000000009bb00000|  0%| F|  |TAMS 0x000000009ba00000, 0x000000009ba00000| Untracked 
| 443|0x000000009bb00000, 0x000000009bb00000, 0x000000009bc00000|  0%| F|  |TAMS 0x000000009bb00000, 0x000000009bb00000| Untracked 
| 444|0x000000009bc00000, 0x000000009bc00000, 0x000000009bd00000|  0%| F|  |TAMS 0x000000009bc00000, 0x000000009bc00000| Untracked 
| 445|0x000000009bd00000, 0x000000009bd00000, 0x000000009be00000|  0%| F|  |TAMS 0x000000009bd00000, 0x000000009bd00000| Untracked 
| 446|0x000000009be00000, 0x000000009be00000, 0x000000009bf00000|  0%| F|  |TAMS 0x000000009be00000, 0x000000009be00000| Untracked 
| 447|0x000000009bf00000, 0x000000009bf00000, 0x000000009c000000|  0%| F|  |TAMS 0x000000009bf00000, 0x000000009bf00000| Untracked 
| 448|0x000000009c000000, 0x000000009c000000, 0x000000009c100000|  0%| F|  |TAMS 0x000000009c000000, 0x000000009c000000| Untracked 
| 449|0x000000009c100000, 0x000000009c100000, 0x000000009c200000|  0%| F|  |TAMS 0x000000009c100000, 0x000000009c100000| Untracked 
| 450|0x000000009c200000, 0x000000009c200000, 0x000000009c300000|  0%| F|  |TAMS 0x000000009c200000, 0x000000009c200000| Untracked 
| 451|0x000000009c300000, 0x000000009c300000, 0x000000009c400000|  0%| F|  |TAMS 0x000000009c300000, 0x000000009c300000| Untracked 
| 452|0x000000009c400000, 0x000000009c400000, 0x000000009c500000|  0%| F|  |TAMS 0x000000009c400000, 0x000000009c400000| Untracked 
| 453|0x000000009c500000, 0x000000009c500000, 0x000000009c600000|  0%| F|  |TAMS 0x000000009c500000, 0x000000009c500000| Untracked 
| 454|0x000000009c600000, 0x000000009c600000, 0x000000009c700000|  0%| F|  |TAMS 0x000000009c600000, 0x000000009c600000| Untracked 
| 455|0x000000009c700000, 0x000000009c700000, 0x000000009c800000|  0%| F|  |TAMS 0x000000009c700000, 0x000000009c700000| Untracked 
| 456|0x000000009c800000, 0x000000009c800000, 0x000000009c900000|  0%| F|  |TAMS 0x000000009c800000, 0x000000009c800000| Untracked 
| 457|0x000000009c900000, 0x000000009c900000, 0x000000009ca00000|  0%| F|  |TAMS 0x000000009c900000, 0x000000009c900000| Untracked 
| 458|0x000000009ca00000, 0x000000009ca00000, 0x000000009cb00000|  0%| F|  |TAMS 0x000000009ca00000, 0x000000009ca00000| Untracked 
| 459|0x000000009cb00000, 0x000000009cb00000, 0x000000009cc00000|  0%| F|  |TAMS 0x000000009cb00000, 0x000000009cb00000| Untracked 
| 460|0x000000009cc00000, 0x000000009cc00000, 0x000000009cd00000|  0%| F|  |TAMS 0x000000009cc00000, 0x000000009cc00000| Untracked 
| 461|0x000000009cd00000, 0x000000009cd00000, 0x000000009ce00000|  0%| F|  |TAMS 0x000000009cd00000, 0x000000009cd00000| Untracked 
| 462|0x000000009ce00000, 0x000000009ce00000, 0x000000009cf00000|  0%| F|  |TAMS 0x000000009ce00000, 0x000000009ce00000| Untracked 
| 463|0x000000009cf00000, 0x000000009cf00000, 0x000000009d000000|  0%| F|  |TAMS 0x000000009cf00000, 0x000000009cf00000| Untracked 
| 464|0x000000009d000000, 0x000000009d000000, 0x000000009d100000|  0%| F|  |TAMS 0x000000009d000000, 0x000000009d000000| Untracked 
| 465|0x000000009d100000, 0x000000009d100000, 0x000000009d200000|  0%| F|  |TAMS 0x000000009d100000, 0x000000009d100000| Untracked 
| 466|0x000000009d200000, 0x000000009d200000, 0x000000009d300000|  0%| F|  |TAMS 0x000000009d200000, 0x000000009d200000| Untracked 
| 467|0x000000009d300000, 0x000000009d300000, 0x000000009d400000|  0%| F|  |TAMS 0x000000009d300000, 0x000000009d300000| Untracked 
| 468|0x000000009d400000, 0x000000009d400000, 0x000000009d500000|  0%| F|  |TAMS 0x000000009d400000, 0x000000009d400000| Untracked 
| 469|0x000000009d500000, 0x000000009d500000, 0x000000009d600000|  0%| F|  |TAMS 0x000000009d500000, 0x000000009d500000| Untracked 
| 470|0x000000009d600000, 0x000000009d600000, 0x000000009d700000|  0%| F|  |TAMS 0x000000009d600000, 0x000000009d600000| Untracked 
| 471|0x000000009d700000, 0x000000009d700000, 0x000000009d800000|  0%| F|  |TAMS 0x000000009d700000, 0x000000009d700000| Untracked 
| 472|0x000000009d800000, 0x000000009d800000, 0x000000009d900000|  0%| F|  |TAMS 0x000000009d800000, 0x000000009d800000| Untracked 
| 473|0x000000009d900000, 0x000000009d900000, 0x000000009da00000|  0%| F|  |TAMS 0x000000009d900000, 0x000000009d900000| Untracked 
| 474|0x000000009da00000, 0x000000009da00000, 0x000000009db00000|  0%| F|  |TAMS 0x000000009da00000, 0x000000009da00000| Untracked 
| 475|0x000000009db00000, 0x000000009db00000, 0x000000009dc00000|  0%| F|  |TAMS 0x000000009db00000, 0x000000009db00000| Untracked 
| 476|0x000000009dc00000, 0x000000009dd00000, 0x000000009dd00000|100%| O|  |TAMS 0x000000009dd00000, 0x000000009dc00000| Untracked 
| 477|0x000000009dd00000, 0x000000009dd00000, 0x000000009de00000|  0%| F|  |TAMS 0x000000009dd00000, 0x000000009dd00000| Untracked 
| 478|0x000000009de00000, 0x000000009de00000, 0x000000009df00000|  0%| F|  |TAMS 0x000000009de00000, 0x000000009de00000| Untracked 
| 479|0x000000009df00000, 0x000000009df00000, 0x000000009e000000|  0%| F|  |TAMS 0x000000009df00000, 0x000000009df00000| Untracked 
| 480|0x000000009e000000, 0x000000009e000000, 0x000000009e100000|  0%| F|  |TAMS 0x000000009e000000, 0x000000009e000000| Untracked 
| 481|0x000000009e100000, 0x000000009e100000, 0x000000009e200000|  0%| F|  |TAMS 0x000000009e100000, 0x000000009e100000| Untracked 
| 482|0x000000009e200000, 0x000000009e200000, 0x000000009e300000|  0%| F|  |TAMS 0x000000009e200000, 0x000000009e200000| Untracked 
| 483|0x000000009e300000, 0x000000009e300000, 0x000000009e400000|  0%| F|  |TAMS 0x000000009e300000, 0x000000009e300000| Untracked 
| 484|0x000000009e400000, 0x000000009e400000, 0x000000009e500000|  0%| F|  |TAMS 0x000000009e400000, 0x000000009e400000| Untracked 
| 485|0x000000009e500000, 0x000000009e500000, 0x000000009e600000|  0%| F|  |TAMS 0x000000009e500000, 0x000000009e500000| Untracked 
| 486|0x000000009e600000, 0x000000009e600000, 0x000000009e700000|  0%| F|  |TAMS 0x000000009e600000, 0x000000009e600000| Untracked 
| 487|0x000000009e700000, 0x000000009e700000, 0x000000009e800000|  0%| F|  |TAMS 0x000000009e700000, 0x000000009e700000| Untracked 
| 488|0x000000009e800000, 0x000000009e800000, 0x000000009e900000|  0%| F|  |TAMS 0x000000009e800000, 0x000000009e800000| Untracked 
| 489|0x000000009e900000, 0x000000009e900000, 0x000000009ea00000|  0%| F|  |TAMS 0x000000009e900000, 0x000000009e900000| Untracked 
| 490|0x000000009ea00000, 0x000000009ea00000, 0x000000009eb00000|  0%| F|  |TAMS 0x000000009ea00000, 0x000000009ea00000| Untracked 
| 491|0x000000009eb00000, 0x000000009eb00000, 0x000000009ec00000|  0%| F|  |TAMS 0x000000009eb00000, 0x000000009eb00000| Untracked 
| 492|0x000000009ec00000, 0x000000009ec00000, 0x000000009ed00000|  0%| F|  |TAMS 0x000000009ec00000, 0x000000009ec00000| Untracked 
| 493|0x000000009ed00000, 0x000000009ed00000, 0x000000009ee00000|  0%| F|  |TAMS 0x000000009ed00000, 0x000000009ed00000| Untracked 
| 494|0x000000009ee00000, 0x000000009ee00000, 0x000000009ef00000|  0%| F|  |TAMS 0x000000009ee00000, 0x000000009ee00000| Untracked 
| 495|0x000000009ef00000, 0x000000009ef00000, 0x000000009f000000|  0%| F|  |TAMS 0x000000009ef00000, 0x000000009ef00000| Untracked 
| 496|0x000000009f000000, 0x000000009f000000, 0x000000009f100000|  0%| F|  |TAMS 0x000000009f000000, 0x000000009f000000| Untracked 
| 497|0x000000009f100000, 0x000000009f100000, 0x000000009f200000|  0%| F|  |TAMS 0x000000009f100000, 0x000000009f100000| Untracked 
| 498|0x000000009f200000, 0x000000009f200000, 0x000000009f300000|  0%| F|  |TAMS 0x000000009f200000, 0x000000009f200000| Untracked 
| 499|0x000000009f300000, 0x000000009f300000, 0x000000009f400000|  0%| F|  |TAMS 0x000000009f300000, 0x000000009f300000| Untracked 
| 500|0x000000009f400000, 0x000000009f400000, 0x000000009f500000|  0%| F|  |TAMS 0x000000009f400000, 0x000000009f400000| Untracked 
| 501|0x000000009f500000, 0x000000009f500000, 0x000000009f600000|  0%| F|  |TAMS 0x000000009f500000, 0x000000009f500000| Untracked 
| 502|0x000000009f600000, 0x000000009f600000, 0x000000009f700000|  0%| F|  |TAMS 0x000000009f600000, 0x000000009f600000| Untracked 
| 503|0x000000009f700000, 0x000000009f700000, 0x000000009f800000|  0%| F|  |TAMS 0x000000009f700000, 0x000000009f700000| Untracked 
| 504|0x000000009f800000, 0x000000009f800000, 0x000000009f900000|  0%| F|  |TAMS 0x000000009f800000, 0x000000009f800000| Untracked 
| 505|0x000000009f900000, 0x000000009fa00000, 0x000000009fa00000|100%|HS|  |TAMS 0x000000009fa00000, 0x000000009f900000| Complete 
| 506|0x000000009fa00000, 0x000000009fb00000, 0x000000009fb00000|100%|HC|  |TAMS 0x000000009fb00000, 0x000000009fa00000| Complete 
| 507|0x000000009fb00000, 0x000000009fc00000, 0x000000009fc00000|100%|HC|  |TAMS 0x000000009fc00000, 0x000000009fb00000| Complete 
| 508|0x000000009fc00000, 0x000000009fd00000, 0x000000009fd00000|100%|HC|  |TAMS 0x000000009fd00000, 0x000000009fc00000| Complete 
| 509|0x000000009fd00000, 0x000000009fe00000, 0x000000009fe00000|100%|HC|  |TAMS 0x000000009fe00000, 0x000000009fd00000| Complete 
| 510|0x000000009fe00000, 0x000000009ff00000, 0x000000009ff00000|100%|HC|  |TAMS 0x000000009ff00000, 0x000000009fe00000| Complete 
| 511|0x000000009ff00000, 0x000000009ff00000, 0x00000000a0000000|  0%| F|  |TAMS 0x000000009ff00000, 0x000000009ff00000| Untracked 
| 512|0x00000000a0000000, 0x00000000a0000000, 0x00000000a0100000|  0%| F|  |TAMS 0x00000000a0000000, 0x00000000a0000000| Untracked 
| 513|0x00000000a0100000, 0x00000000a0100000, 0x00000000a0200000|  0%| F|  |TAMS 0x00000000a0100000, 0x00000000a0100000| Untracked 
| 514|0x00000000a0200000, 0x00000000a0200000, 0x00000000a0300000|  0%| F|  |TAMS 0x00000000a0200000, 0x00000000a0200000| Untracked 
| 515|0x00000000a0300000, 0x00000000a0400000, 0x00000000a0400000|100%| O|  |TAMS 0x00000000a0400000, 0x00000000a0300000| Untracked 
| 516|0x00000000a0400000, 0x00000000a0400000, 0x00000000a0500000|  0%| F|  |TAMS 0x00000000a0400000, 0x00000000a0400000| Untracked 
| 517|0x00000000a0500000, 0x00000000a0500000, 0x00000000a0600000|  0%| F|  |TAMS 0x00000000a0500000, 0x00000000a0500000| Untracked 
| 518|0x00000000a0600000, 0x00000000a0600000, 0x00000000a0700000|  0%| F|  |TAMS 0x00000000a0600000, 0x00000000a0600000| Untracked 
| 519|0x00000000a0700000, 0x00000000a0700000, 0x00000000a0800000|  0%| F|  |TAMS 0x00000000a0700000, 0x00000000a0700000| Untracked 
| 520|0x00000000a0800000, 0x00000000a0800000, 0x00000000a0900000|  0%| F|  |TAMS 0x00000000a0800000, 0x00000000a0800000| Untracked 
| 521|0x00000000a0900000, 0x00000000a0900000, 0x00000000a0a00000|  0%| F|  |TAMS 0x00000000a0900000, 0x00000000a0900000| Untracked 
| 522|0x00000000a0a00000, 0x00000000a0a00000, 0x00000000a0b00000|  0%| F|  |TAMS 0x00000000a0a00000, 0x00000000a0a00000| Untracked 
| 523|0x00000000a0b00000, 0x00000000a0b00000, 0x00000000a0c00000|  0%| F|  |TAMS 0x00000000a0b00000, 0x00000000a0b00000| Untracked 
| 524|0x00000000a0c00000, 0x00000000a0c00000, 0x00000000a0d00000|  0%| F|  |TAMS 0x00000000a0c00000, 0x00000000a0c00000| Untracked 
| 525|0x00000000a0d00000, 0x00000000a0d00000, 0x00000000a0e00000|  0%| F|  |TAMS 0x00000000a0d00000, 0x00000000a0d00000| Untracked 
| 526|0x00000000a0e00000, 0x00000000a0e00000, 0x00000000a0f00000|  0%| F|  |TAMS 0x00000000a0e00000, 0x00000000a0e00000| Untracked 
| 527|0x00000000a0f00000, 0x00000000a0f00000, 0x00000000a1000000|  0%| F|  |TAMS 0x00000000a0f00000, 0x00000000a0f00000| Untracked 
| 528|0x00000000a1000000, 0x00000000a1000000, 0x00000000a1100000|  0%| F|  |TAMS 0x00000000a1000000, 0x00000000a1000000| Untracked 
| 529|0x00000000a1100000, 0x00000000a1100000, 0x00000000a1200000|  0%| F|  |TAMS 0x00000000a1100000, 0x00000000a1100000| Untracked 
| 530|0x00000000a1200000, 0x00000000a1200000, 0x00000000a1300000|  0%| F|  |TAMS 0x00000000a1200000, 0x00000000a1200000| Untracked 
| 531|0x00000000a1300000, 0x00000000a1300000, 0x00000000a1400000|  0%| F|  |TAMS 0x00000000a1300000, 0x00000000a1300000| Untracked 
| 532|0x00000000a1400000, 0x00000000a1400000, 0x00000000a1500000|  0%| F|  |TAMS 0x00000000a1400000, 0x00000000a1400000| Untracked 
| 533|0x00000000a1500000, 0x00000000a1500000, 0x00000000a1600000|  0%| F|  |TAMS 0x00000000a1500000, 0x00000000a1500000| Untracked 
| 534|0x00000000a1600000, 0x00000000a1600000, 0x00000000a1700000|  0%| F|  |TAMS 0x00000000a1600000, 0x00000000a1600000| Untracked 
| 535|0x00000000a1700000, 0x00000000a1700000, 0x00000000a1800000|  0%| F|  |TAMS 0x00000000a1700000, 0x00000000a1700000| Untracked 
| 536|0x00000000a1800000, 0x00000000a1800000, 0x00000000a1900000|  0%| F|  |TAMS 0x00000000a1800000, 0x00000000a1800000| Untracked 
| 537|0x00000000a1900000, 0x00000000a1900000, 0x00000000a1a00000|  0%| F|  |TAMS 0x00000000a1900000, 0x00000000a1900000| Untracked 
| 538|0x00000000a1a00000, 0x00000000a1a00000, 0x00000000a1b00000|  0%| F|  |TAMS 0x00000000a1a00000, 0x00000000a1a00000| Untracked 
| 539|0x00000000a1b00000, 0x00000000a1b00000, 0x00000000a1c00000|  0%| F|  |TAMS 0x00000000a1b00000, 0x00000000a1b00000| Untracked 
| 540|0x00000000a1c00000, 0x00000000a1c00000, 0x00000000a1d00000|  0%| F|  |TAMS 0x00000000a1c00000, 0x00000000a1c00000| Untracked 
| 541|0x00000000a1d00000, 0x00000000a1d00000, 0x00000000a1e00000|  0%| F|  |TAMS 0x00000000a1d00000, 0x00000000a1d00000| Untracked 
| 542|0x00000000a1e00000, 0x00000000a1e00000, 0x00000000a1f00000|  0%| F|  |TAMS 0x00000000a1e00000, 0x00000000a1e00000| Untracked 
| 543|0x00000000a1f00000, 0x00000000a1f00000, 0x00000000a2000000|  0%| F|  |TAMS 0x00000000a1f00000, 0x00000000a1f00000| Untracked 
| 544|0x00000000a2000000, 0x00000000a2000000, 0x00000000a2100000|  0%| F|  |TAMS 0x00000000a2000000, 0x00000000a2000000| Untracked 
| 545|0x00000000a2100000, 0x00000000a2100000, 0x00000000a2200000|  0%| F|  |TAMS 0x00000000a2100000, 0x00000000a2100000| Untracked 
| 546|0x00000000a2200000, 0x00000000a2200000, 0x00000000a2300000|  0%| F|  |TAMS 0x00000000a2200000, 0x00000000a2200000| Untracked 
| 547|0x00000000a2300000, 0x00000000a2300000, 0x00000000a2400000|  0%| F|  |TAMS 0x00000000a2300000, 0x00000000a2300000| Untracked 
| 548|0x00000000a2400000, 0x00000000a2400000, 0x00000000a2500000|  0%| F|  |TAMS 0x00000000a2400000, 0x00000000a2400000| Untracked 
| 549|0x00000000a2500000, 0x00000000a2500000, 0x00000000a2600000|  0%| F|  |TAMS 0x00000000a2500000, 0x00000000a2500000| Untracked 
| 550|0x00000000a2600000, 0x00000000a2600000, 0x00000000a2700000|  0%| F|  |TAMS 0x00000000a2600000, 0x00000000a2600000| Untracked 
| 551|0x00000000a2700000, 0x00000000a2700000, 0x00000000a2800000|  0%| F|  |TAMS 0x00000000a2700000, 0x00000000a2700000| Untracked 
| 552|0x00000000a2800000, 0x00000000a2800000, 0x00000000a2900000|  0%| F|  |TAMS 0x00000000a2800000, 0x00000000a2800000| Untracked 
| 553|0x00000000a2900000, 0x00000000a2900000, 0x00000000a2a00000|  0%| F|  |TAMS 0x00000000a2900000, 0x00000000a2900000| Untracked 
| 554|0x00000000a2a00000, 0x00000000a2a00000, 0x00000000a2b00000|  0%| F|  |TAMS 0x00000000a2a00000, 0x00000000a2a00000| Untracked 
| 555|0x00000000a2b00000, 0x00000000a2b00000, 0x00000000a2c00000|  0%| F|  |TAMS 0x00000000a2b00000, 0x00000000a2b00000| Untracked 
| 556|0x00000000a2c00000, 0x00000000a2c00000, 0x00000000a2d00000|  0%| F|  |TAMS 0x00000000a2c00000, 0x00000000a2c00000| Untracked 
| 557|0x00000000a2d00000, 0x00000000a2d00000, 0x00000000a2e00000|  0%| F|  |TAMS 0x00000000a2d00000, 0x00000000a2d00000| Untracked 
| 558|0x00000000a2e00000, 0x00000000a2e00000, 0x00000000a2f00000|  0%| F|  |TAMS 0x00000000a2e00000, 0x00000000a2e00000| Untracked 
| 559|0x00000000a2f00000, 0x00000000a2f00000, 0x00000000a3000000|  0%| F|  |TAMS 0x00000000a2f00000, 0x00000000a2f00000| Untracked 
| 560|0x00000000a3000000, 0x00000000a3000000, 0x00000000a3100000|  0%| F|  |TAMS 0x00000000a3000000, 0x00000000a3000000| Untracked 
| 561|0x00000000a3100000, 0x00000000a3100000, 0x00000000a3200000|  0%| F|  |TAMS 0x00000000a3100000, 0x00000000a3100000| Untracked 
| 562|0x00000000a3200000, 0x00000000a3200000, 0x00000000a3300000|  0%| F|  |TAMS 0x00000000a3200000, 0x00000000a3200000| Untracked 
| 563|0x00000000a3300000, 0x00000000a3300000, 0x00000000a3400000|  0%| F|  |TAMS 0x00000000a3300000, 0x00000000a3300000| Untracked 
| 564|0x00000000a3400000, 0x00000000a3400000, 0x00000000a3500000|  0%| F|  |TAMS 0x00000000a3400000, 0x00000000a3400000| Untracked 
| 565|0x00000000a3500000, 0x00000000a3500000, 0x00000000a3600000|  0%| F|  |TAMS 0x00000000a3500000, 0x00000000a3500000| Untracked 
| 566|0x00000000a3600000, 0x00000000a3600000, 0x00000000a3700000|  0%| F|  |TAMS 0x00000000a3600000, 0x00000000a3600000| Untracked 
| 567|0x00000000a3700000, 0x00000000a3700000, 0x00000000a3800000|  0%| F|  |TAMS 0x00000000a3700000, 0x00000000a3700000| Untracked 
| 568|0x00000000a3800000, 0x00000000a3800000, 0x00000000a3900000|  0%| F|  |TAMS 0x00000000a3800000, 0x00000000a3800000| Untracked 
| 569|0x00000000a3900000, 0x00000000a3900000, 0x00000000a3a00000|  0%| F|  |TAMS 0x00000000a3900000, 0x00000000a3900000| Untracked 
| 570|0x00000000a3a00000, 0x00000000a3a00000, 0x00000000a3b00000|  0%| F|  |TAMS 0x00000000a3a00000, 0x00000000a3a00000| Untracked 
| 571|0x00000000a3b00000, 0x00000000a3b00000, 0x00000000a3c00000|  0%| F|  |TAMS 0x00000000a3b00000, 0x00000000a3b00000| Untracked 
| 572|0x00000000a3c00000, 0x00000000a3c00000, 0x00000000a3d00000|  0%| F|  |TAMS 0x00000000a3c00000, 0x00000000a3c00000| Untracked 
| 573|0x00000000a3d00000, 0x00000000a3d00000, 0x00000000a3e00000|  0%| F|  |TAMS 0x00000000a3d00000, 0x00000000a3d00000| Untracked 
| 574|0x00000000a3e00000, 0x00000000a3e00000, 0x00000000a3f00000|  0%| F|  |TAMS 0x00000000a3e00000, 0x00000000a3e00000| Untracked 
| 575|0x00000000a3f00000, 0x00000000a3f00000, 0x00000000a4000000|  0%| F|  |TAMS 0x00000000a3f00000, 0x00000000a3f00000| Untracked 
| 576|0x00000000a4000000, 0x00000000a4000000, 0x00000000a4100000|  0%| F|  |TAMS 0x00000000a4000000, 0x00000000a4000000| Untracked 
| 577|0x00000000a4100000, 0x00000000a4100000, 0x00000000a4200000|  0%| F|  |TAMS 0x00000000a4100000, 0x00000000a4100000| Untracked 
| 578|0x00000000a4200000, 0x00000000a4200000, 0x00000000a4300000|  0%| F|  |TAMS 0x00000000a4200000, 0x00000000a4200000| Untracked 
| 579|0x00000000a4300000, 0x00000000a4300000, 0x00000000a4400000|  0%| F|  |TAMS 0x00000000a4300000, 0x00000000a4300000| Untracked 
| 580|0x00000000a4400000, 0x00000000a4400000, 0x00000000a4500000|  0%| F|  |TAMS 0x00000000a4400000, 0x00000000a4400000| Untracked 
| 581|0x00000000a4500000, 0x00000000a4500000, 0x00000000a4600000|  0%| F|  |TAMS 0x00000000a4500000, 0x00000000a4500000| Untracked 
| 582|0x00000000a4600000, 0x00000000a4600000, 0x00000000a4700000|  0%| F|  |TAMS 0x00000000a4600000, 0x00000000a4600000| Untracked 
| 583|0x00000000a4700000, 0x00000000a4700000, 0x00000000a4800000|  0%| F|  |TAMS 0x00000000a4700000, 0x00000000a4700000| Untracked 
| 584|0x00000000a4800000, 0x00000000a4800000, 0x00000000a4900000|  0%| F|  |TAMS 0x00000000a4800000, 0x00000000a4800000| Untracked 
| 585|0x00000000a4900000, 0x00000000a4900000, 0x00000000a4a00000|  0%| F|  |TAMS 0x00000000a4900000, 0x00000000a4900000| Untracked 
| 586|0x00000000a4a00000, 0x00000000a4a00000, 0x00000000a4b00000|  0%| F|  |TAMS 0x00000000a4a00000, 0x00000000a4a00000| Untracked 
| 587|0x00000000a4b00000, 0x00000000a4b00000, 0x00000000a4c00000|  0%| F|  |TAMS 0x00000000a4b00000, 0x00000000a4b00000| Untracked 
| 588|0x00000000a4c00000, 0x00000000a4c00000, 0x00000000a4d00000|  0%| F|  |TAMS 0x00000000a4c00000, 0x00000000a4c00000| Untracked 
| 589|0x00000000a4d00000, 0x00000000a4d00000, 0x00000000a4e00000|  0%| F|  |TAMS 0x00000000a4d00000, 0x00000000a4d00000| Untracked 
| 590|0x00000000a4e00000, 0x00000000a4e00000, 0x00000000a4f00000|  0%| F|  |TAMS 0x00000000a4e00000, 0x00000000a4e00000| Untracked 
| 591|0x00000000a4f00000, 0x00000000a4f00000, 0x00000000a5000000|  0%| F|  |TAMS 0x00000000a4f00000, 0x00000000a4f00000| Untracked 
| 592|0x00000000a5000000, 0x00000000a5000000, 0x00000000a5100000|  0%| F|  |TAMS 0x00000000a5000000, 0x00000000a5000000| Untracked 
| 593|0x00000000a5100000, 0x00000000a5100000, 0x00000000a5200000|  0%| F|  |TAMS 0x00000000a5100000, 0x00000000a5100000| Untracked 
| 594|0x00000000a5200000, 0x00000000a5200000, 0x00000000a5300000|  0%| F|  |TAMS 0x00000000a5200000, 0x00000000a5200000| Untracked 
| 595|0x00000000a5300000, 0x00000000a5300000, 0x00000000a5400000|  0%| F|  |TAMS 0x00000000a5300000, 0x00000000a5300000| Untracked 
| 596|0x00000000a5400000, 0x00000000a5400000, 0x00000000a5500000|  0%| F|  |TAMS 0x00000000a5400000, 0x00000000a5400000| Untracked 
| 597|0x00000000a5500000, 0x00000000a5500000, 0x00000000a5600000|  0%| F|  |TAMS 0x00000000a5500000, 0x00000000a5500000| Untracked 
| 598|0x00000000a5600000, 0x00000000a5600000, 0x00000000a5700000|  0%| F|  |TAMS 0x00000000a5600000, 0x00000000a5600000| Untracked 
| 599|0x00000000a5700000, 0x00000000a5700000, 0x00000000a5800000|  0%| F|  |TAMS 0x00000000a5700000, 0x00000000a5700000| Untracked 
| 600|0x00000000a5800000, 0x00000000a5800000, 0x00000000a5900000|  0%| F|  |TAMS 0x00000000a5800000, 0x00000000a5800000| Untracked 
| 601|0x00000000a5900000, 0x00000000a5900000, 0x00000000a5a00000|  0%| F|  |TAMS 0x00000000a5900000, 0x00000000a5900000| Untracked 
| 602|0x00000000a5a00000, 0x00000000a5a00000, 0x00000000a5b00000|  0%| F|  |TAMS 0x00000000a5a00000, 0x00000000a5a00000| Untracked 
| 603|0x00000000a5b00000, 0x00000000a5b00000, 0x00000000a5c00000|  0%| F|  |TAMS 0x00000000a5b00000, 0x00000000a5b00000| Untracked 
| 604|0x00000000a5c00000, 0x00000000a5c00000, 0x00000000a5d00000|  0%| F|  |TAMS 0x00000000a5c00000, 0x00000000a5c00000| Untracked 
| 605|0x00000000a5d00000, 0x00000000a5d00000, 0x00000000a5e00000|  0%| F|  |TAMS 0x00000000a5d00000, 0x00000000a5d00000| Untracked 
| 606|0x00000000a5e00000, 0x00000000a5e00000, 0x00000000a5f00000|  0%| F|  |TAMS 0x00000000a5e00000, 0x00000000a5e00000| Untracked 
| 607|0x00000000a5f00000, 0x00000000a5f00000, 0x00000000a6000000|  0%| F|  |TAMS 0x00000000a5f00000, 0x00000000a5f00000| Untracked 
| 608|0x00000000a6000000, 0x00000000a6000000, 0x00000000a6100000|  0%| F|  |TAMS 0x00000000a6000000, 0x00000000a6000000| Untracked 
| 609|0x00000000a6100000, 0x00000000a6100000, 0x00000000a6200000|  0%| F|  |TAMS 0x00000000a6100000, 0x00000000a6100000| Untracked 
| 610|0x00000000a6200000, 0x00000000a6200000, 0x00000000a6300000|  0%| F|  |TAMS 0x00000000a6200000, 0x00000000a6200000| Untracked 
| 611|0x00000000a6300000, 0x00000000a6300000, 0x00000000a6400000|  0%| F|  |TAMS 0x00000000a6300000, 0x00000000a6300000| Untracked 
| 612|0x00000000a6400000, 0x00000000a6400000, 0x00000000a6500000|  0%| F|  |TAMS 0x00000000a6400000, 0x00000000a6400000| Untracked 
| 613|0x00000000a6500000, 0x00000000a6500000, 0x00000000a6600000|  0%| F|  |TAMS 0x00000000a6500000, 0x00000000a6500000| Untracked 
| 614|0x00000000a6600000, 0x00000000a6600000, 0x00000000a6700000|  0%| F|  |TAMS 0x00000000a6600000, 0x00000000a6600000| Untracked 
| 615|0x00000000a6700000, 0x00000000a6700000, 0x00000000a6800000|  0%| F|  |TAMS 0x00000000a6700000, 0x00000000a6700000| Untracked 
| 616|0x00000000a6800000, 0x00000000a6800000, 0x00000000a6900000|  0%| F|  |TAMS 0x00000000a6800000, 0x00000000a6800000| Untracked 
| 617|0x00000000a6900000, 0x00000000a6900000, 0x00000000a6a00000|  0%| F|  |TAMS 0x00000000a6900000, 0x00000000a6900000| Untracked 
| 618|0x00000000a6a00000, 0x00000000a6a00000, 0x00000000a6b00000|  0%| F|  |TAMS 0x00000000a6a00000, 0x00000000a6a00000| Untracked 
| 619|0x00000000a6b00000, 0x00000000a6b00000, 0x00000000a6c00000|  0%| F|  |TAMS 0x00000000a6b00000, 0x00000000a6b00000| Untracked 
| 620|0x00000000a6c00000, 0x00000000a6c00000, 0x00000000a6d00000|  0%| F|  |TAMS 0x00000000a6c00000, 0x00000000a6c00000| Untracked 
| 621|0x00000000a6d00000, 0x00000000a6d00000, 0x00000000a6e00000|  0%| F|  |TAMS 0x00000000a6d00000, 0x00000000a6d00000| Untracked 
| 622|0x00000000a6e00000, 0x00000000a6e00000, 0x00000000a6f00000|  0%| F|  |TAMS 0x00000000a6e00000, 0x00000000a6e00000| Untracked 
| 623|0x00000000a6f00000, 0x00000000a6f00000, 0x00000000a7000000|  0%| F|  |TAMS 0x00000000a6f00000, 0x00000000a6f00000| Untracked 
| 624|0x00000000a7000000, 0x00000000a7000000, 0x00000000a7100000|  0%| F|  |TAMS 0x00000000a7000000, 0x00000000a7000000| Untracked 
| 625|0x00000000a7100000, 0x00000000a7100000, 0x00000000a7200000|  0%| F|  |TAMS 0x00000000a7100000, 0x00000000a7100000| Untracked 
| 626|0x00000000a7200000, 0x00000000a7200000, 0x00000000a7300000|  0%| F|  |TAMS 0x00000000a7200000, 0x00000000a7200000| Untracked 
| 627|0x00000000a7300000, 0x00000000a7300000, 0x00000000a7400000|  0%| F|  |TAMS 0x00000000a7300000, 0x00000000a7300000| Untracked 
| 628|0x00000000a7400000, 0x00000000a7400000, 0x00000000a7500000|  0%| F|  |TAMS 0x00000000a7400000, 0x00000000a7400000| Untracked 
| 629|0x00000000a7500000, 0x00000000a7500000, 0x00000000a7600000|  0%| F|  |TAMS 0x00000000a7500000, 0x00000000a7500000| Untracked 
| 630|0x00000000a7600000, 0x00000000a7600000, 0x00000000a7700000|  0%| F|  |TAMS 0x00000000a7600000, 0x00000000a7600000| Untracked 
| 631|0x00000000a7700000, 0x00000000a7700000, 0x00000000a7800000|  0%| F|  |TAMS 0x00000000a7700000, 0x00000000a7700000| Untracked 
| 632|0x00000000a7800000, 0x00000000a7800000, 0x00000000a7900000|  0%| F|  |TAMS 0x00000000a7800000, 0x00000000a7800000| Untracked 
| 633|0x00000000a7900000, 0x00000000a7900000, 0x00000000a7a00000|  0%| F|  |TAMS 0x00000000a7900000, 0x00000000a7900000| Untracked 
| 634|0x00000000a7a00000, 0x00000000a7a00000, 0x00000000a7b00000|  0%| F|  |TAMS 0x00000000a7a00000, 0x00000000a7a00000| Untracked 
| 635|0x00000000a7b00000, 0x00000000a7b00000, 0x00000000a7c00000|  0%| F|  |TAMS 0x00000000a7b00000, 0x00000000a7b00000| Untracked 
| 636|0x00000000a7c00000, 0x00000000a7c00000, 0x00000000a7d00000|  0%| F|  |TAMS 0x00000000a7c00000, 0x00000000a7c00000| Untracked 
| 637|0x00000000a7d00000, 0x00000000a7d00000, 0x00000000a7e00000|  0%| F|  |TAMS 0x00000000a7d00000, 0x00000000a7d00000| Untracked 
| 638|0x00000000a7e00000, 0x00000000a7e00000, 0x00000000a7f00000|  0%| F|  |TAMS 0x00000000a7e00000, 0x00000000a7e00000| Untracked 
| 639|0x00000000a7f00000, 0x00000000a7f00000, 0x00000000a8000000|  0%| F|  |TAMS 0x00000000a7f00000, 0x00000000a7f00000| Untracked 
| 640|0x00000000a8000000, 0x00000000a8000000, 0x00000000a8100000|  0%| F|  |TAMS 0x00000000a8000000, 0x00000000a8000000| Untracked 
| 641|0x00000000a8100000, 0x00000000a8100000, 0x00000000a8200000|  0%| F|  |TAMS 0x00000000a8100000, 0x00000000a8100000| Untracked 
| 642|0x00000000a8200000, 0x00000000a8200000, 0x00000000a8300000|  0%| F|  |TAMS 0x00000000a8200000, 0x00000000a8200000| Untracked 
| 643|0x00000000a8300000, 0x00000000a8300000, 0x00000000a8400000|  0%| F|  |TAMS 0x00000000a8300000, 0x00000000a8300000| Untracked 
| 644|0x00000000a8400000, 0x00000000a8400000, 0x00000000a8500000|  0%| F|  |TAMS 0x00000000a8400000, 0x00000000a8400000| Untracked 
| 645|0x00000000a8500000, 0x00000000a8500000, 0x00000000a8600000|  0%| F|  |TAMS 0x00000000a8500000, 0x00000000a8500000| Untracked 
| 646|0x00000000a8600000, 0x00000000a8600000, 0x00000000a8700000|  0%| F|  |TAMS 0x00000000a8600000, 0x00000000a8600000| Untracked 
| 647|0x00000000a8700000, 0x00000000a8700000, 0x00000000a8800000|  0%| F|  |TAMS 0x00000000a8700000, 0x00000000a8700000| Untracked 
| 648|0x00000000a8800000, 0x00000000a8800000, 0x00000000a8900000|  0%| F|  |TAMS 0x00000000a8800000, 0x00000000a8800000| Untracked 
| 649|0x00000000a8900000, 0x00000000a8900000, 0x00000000a8a00000|  0%| F|  |TAMS 0x00000000a8900000, 0x00000000a8900000| Untracked 
| 650|0x00000000a8a00000, 0x00000000a8a35168, 0x00000000a8b00000| 20%| E|  |TAMS 0x00000000a8a00000, 0x00000000a8a00000| Complete 
| 651|0x00000000a8b00000, 0x00000000a8c00000, 0x00000000a8c00000|100%| E|CS|TAMS 0x00000000a8b00000, 0x00000000a8b00000| Complete 
| 652|0x00000000a8c00000, 0x00000000a8d00000, 0x00000000a8d00000|100%| E|CS|TAMS 0x00000000a8c00000, 0x00000000a8c00000| Complete 
| 653|0x00000000a8d00000, 0x00000000a8e00000, 0x00000000a8e00000|100%| E|CS|TAMS 0x00000000a8d00000, 0x00000000a8d00000| Complete 
| 654|0x00000000a8e00000, 0x00000000a8f00000, 0x00000000a8f00000|100%| E|CS|TAMS 0x00000000a8e00000, 0x00000000a8e00000| Complete 
| 655|0x00000000a8f00000, 0x00000000a9000000, 0x00000000a9000000|100%| E|CS|TAMS 0x00000000a8f00000, 0x00000000a8f00000| Complete 
| 656|0x00000000a9000000, 0x00000000a9100000, 0x00000000a9100000|100%| E|CS|TAMS 0x00000000a9000000, 0x00000000a9000000| Complete 
| 657|0x00000000a9100000, 0x00000000a9200000, 0x00000000a9200000|100%| E|CS|TAMS 0x00000000a9100000, 0x00000000a9100000| Complete 
| 658|0x00000000a9200000, 0x00000000a9300000, 0x00000000a9300000|100%| E|CS|TAMS 0x00000000a9200000, 0x00000000a9200000| Complete 
| 659|0x00000000a9300000, 0x00000000a9400000, 0x00000000a9400000|100%| E|CS|TAMS 0x00000000a9300000, 0x00000000a9300000| Complete 
| 660|0x00000000a9400000, 0x00000000a9500000, 0x00000000a9500000|100%| E|CS|TAMS 0x00000000a9400000, 0x00000000a9400000| Complete 
| 661|0x00000000a9500000, 0x00000000a9600000, 0x00000000a9600000|100%| E|CS|TAMS 0x00000000a9500000, 0x00000000a9500000| Complete 
| 662|0x00000000a9600000, 0x00000000a9700000, 0x00000000a9700000|100%| E|CS|TAMS 0x00000000a9600000, 0x00000000a9600000| Complete 
| 663|0x00000000a9700000, 0x00000000a9800000, 0x00000000a9800000|100%| E|CS|TAMS 0x00000000a9700000, 0x00000000a9700000| Complete 
| 664|0x00000000a9800000, 0x00000000a9900000, 0x00000000a9900000|100%| E|CS|TAMS 0x00000000a9800000, 0x00000000a9800000| Complete 
| 665|0x00000000a9900000, 0x00000000a9a00000, 0x00000000a9a00000|100%| E|CS|TAMS 0x00000000a9900000, 0x00000000a9900000| Complete 
| 666|0x00000000a9a00000, 0x00000000a9b00000, 0x00000000a9b00000|100%| E|CS|TAMS 0x00000000a9a00000, 0x00000000a9a00000| Complete 
| 667|0x00000000a9b00000, 0x00000000a9c00000, 0x00000000a9c00000|100%| E|CS|TAMS 0x00000000a9b00000, 0x00000000a9b00000| Complete 
| 668|0x00000000a9c00000, 0x00000000a9d00000, 0x00000000a9d00000|100%| E|CS|TAMS 0x00000000a9c00000, 0x00000000a9c00000| Complete 
| 669|0x00000000a9d00000, 0x00000000a9e00000, 0x00000000a9e00000|100%| E|CS|TAMS 0x00000000a9d00000, 0x00000000a9d00000| Complete 
| 670|0x00000000a9e00000, 0x00000000a9f00000, 0x00000000a9f00000|100%| E|CS|TAMS 0x00000000a9e00000, 0x00000000a9e00000| Complete 
| 671|0x00000000a9f00000, 0x00000000aa000000, 0x00000000aa000000|100%| E|CS|TAMS 0x00000000a9f00000, 0x00000000a9f00000| Complete 
| 672|0x00000000aa000000, 0x00000000aa100000, 0x00000000aa100000|100%| E|CS|TAMS 0x00000000aa000000, 0x00000000aa000000| Complete 
| 673|0x00000000aa100000, 0x00000000aa200000, 0x00000000aa200000|100%| E|CS|TAMS 0x00000000aa100000, 0x00000000aa100000| Complete 
| 674|0x00000000aa200000, 0x00000000aa300000, 0x00000000aa300000|100%| E|CS|TAMS 0x00000000aa200000, 0x00000000aa200000| Complete 
| 675|0x00000000aa300000, 0x00000000aa400000, 0x00000000aa400000|100%| E|CS|TAMS 0x00000000aa300000, 0x00000000aa300000| Complete 
| 676|0x00000000aa400000, 0x00000000aa500000, 0x00000000aa500000|100%| E|CS|TAMS 0x00000000aa400000, 0x00000000aa400000| Complete 
| 677|0x00000000aa500000, 0x00000000aa600000, 0x00000000aa600000|100%| E|CS|TAMS 0x00000000aa500000, 0x00000000aa500000| Complete 
| 678|0x00000000aa600000, 0x00000000aa700000, 0x00000000aa700000|100%| E|CS|TAMS 0x00000000aa600000, 0x00000000aa600000| Complete 
| 679|0x00000000aa700000, 0x00000000aa800000, 0x00000000aa800000|100%| E|CS|TAMS 0x00000000aa700000, 0x00000000aa700000| Complete 
| 680|0x00000000aa800000, 0x00000000aa900000, 0x00000000aa900000|100%| E|CS|TAMS 0x00000000aa800000, 0x00000000aa800000| Complete 
| 681|0x00000000aa900000, 0x00000000aaa00000, 0x00000000aaa00000|100%| E|CS|TAMS 0x00000000aa900000, 0x00000000aa900000| Complete 
| 682|0x00000000aaa00000, 0x00000000aab00000, 0x00000000aab00000|100%| E|CS|TAMS 0x00000000aaa00000, 0x00000000aaa00000| Complete 
| 683|0x00000000aab00000, 0x00000000aac00000, 0x00000000aac00000|100%| E|CS|TAMS 0x00000000aab00000, 0x00000000aab00000| Complete 
| 684|0x00000000aac00000, 0x00000000aad00000, 0x00000000aad00000|100%| E|CS|TAMS 0x00000000aac00000, 0x00000000aac00000| Complete 
| 685|0x00000000aad00000, 0x00000000aae00000, 0x00000000aae00000|100%| E|CS|TAMS 0x00000000aad00000, 0x00000000aad00000| Complete 
| 686|0x00000000aae00000, 0x00000000aaf00000, 0x00000000aaf00000|100%| E|CS|TAMS 0x00000000aae00000, 0x00000000aae00000| Complete 
| 687|0x00000000aaf00000, 0x00000000ab000000, 0x00000000ab000000|100%| E|CS|TAMS 0x00000000aaf00000, 0x00000000aaf00000| Complete 
| 688|0x00000000ab000000, 0x00000000ab100000, 0x00000000ab100000|100%| E|CS|TAMS 0x00000000ab000000, 0x00000000ab000000| Complete 
| 689|0x00000000ab100000, 0x00000000ab200000, 0x00000000ab200000|100%| E|CS|TAMS 0x00000000ab100000, 0x00000000ab100000| Complete 
| 690|0x00000000ab200000, 0x00000000ab300000, 0x00000000ab300000|100%| E|CS|TAMS 0x00000000ab200000, 0x00000000ab200000| Complete 
| 691|0x00000000ab300000, 0x00000000ab400000, 0x00000000ab400000|100%| E|CS|TAMS 0x00000000ab300000, 0x00000000ab300000| Complete 
| 692|0x00000000ab400000, 0x00000000ab500000, 0x00000000ab500000|100%| E|CS|TAMS 0x00000000ab400000, 0x00000000ab400000| Complete 
| 693|0x00000000ab500000, 0x00000000ab600000, 0x00000000ab600000|100%| E|CS|TAMS 0x00000000ab500000, 0x00000000ab500000| Complete 
| 694|0x00000000ab600000, 0x00000000ab700000, 0x00000000ab700000|100%| E|CS|TAMS 0x00000000ab600000, 0x00000000ab600000| Complete 
| 695|0x00000000ab700000, 0x00000000ab800000, 0x00000000ab800000|100%| E|CS|TAMS 0x00000000ab700000, 0x00000000ab700000| Complete 
| 696|0x00000000ab800000, 0x00000000ab900000, 0x00000000ab900000|100%| E|CS|TAMS 0x00000000ab800000, 0x00000000ab800000| Complete 
| 697|0x00000000ab900000, 0x00000000aba00000, 0x00000000aba00000|100%| E|CS|TAMS 0x00000000ab900000, 0x00000000ab900000| Complete 
| 698|0x00000000aba00000, 0x00000000abb00000, 0x00000000abb00000|100%| E|CS|TAMS 0x00000000aba00000, 0x00000000aba00000| Complete 
| 699|0x00000000abb00000, 0x00000000abc00000, 0x00000000abc00000|100%| E|CS|TAMS 0x00000000abb00000, 0x00000000abb00000| Complete 
| 700|0x00000000abc00000, 0x00000000abd00000, 0x00000000abd00000|100%| E|CS|TAMS 0x00000000abc00000, 0x00000000abc00000| Complete 
| 701|0x00000000abd00000, 0x00000000abe00000, 0x00000000abe00000|100%| E|CS|TAMS 0x00000000abd00000, 0x00000000abd00000| Complete 
| 702|0x00000000abe00000, 0x00000000abf00000, 0x00000000abf00000|100%| E|CS|TAMS 0x00000000abe00000, 0x00000000abe00000| Complete 
| 703|0x00000000abf00000, 0x00000000ac000000, 0x00000000ac000000|100%| E|CS|TAMS 0x00000000abf00000, 0x00000000abf00000| Complete 
| 704|0x00000000ac000000, 0x00000000ac100000, 0x00000000ac100000|100%| E|CS|TAMS 0x00000000ac000000, 0x00000000ac000000| Complete 
| 705|0x00000000ac100000, 0x00000000ac200000, 0x00000000ac200000|100%| E|CS|TAMS 0x00000000ac100000, 0x00000000ac100000| Complete 
| 706|0x00000000ac200000, 0x00000000ac300000, 0x00000000ac300000|100%| E|CS|TAMS 0x00000000ac200000, 0x00000000ac200000| Complete 
| 707|0x00000000ac300000, 0x00000000ac400000, 0x00000000ac400000|100%| E|CS|TAMS 0x00000000ac300000, 0x00000000ac300000| Complete 
| 708|0x00000000ac400000, 0x00000000ac500000, 0x00000000ac500000|100%| E|CS|TAMS 0x00000000ac400000, 0x00000000ac400000| Complete 
| 709|0x00000000ac500000, 0x00000000ac600000, 0x00000000ac600000|100%| E|CS|TAMS 0x00000000ac500000, 0x00000000ac500000| Complete 
| 710|0x00000000ac600000, 0x00000000ac700000, 0x00000000ac700000|100%| E|CS|TAMS 0x00000000ac600000, 0x00000000ac600000| Complete 
| 711|0x00000000ac700000, 0x00000000ac800000, 0x00000000ac800000|100%| E|CS|TAMS 0x00000000ac700000, 0x00000000ac700000| Complete 
| 712|0x00000000ac800000, 0x00000000ac900000, 0x00000000ac900000|100%| E|CS|TAMS 0x00000000ac800000, 0x00000000ac800000| Complete 
| 713|0x00000000ac900000, 0x00000000aca00000, 0x00000000aca00000|100%| E|CS|TAMS 0x00000000ac900000, 0x00000000ac900000| Complete 
| 714|0x00000000aca00000, 0x00000000acb00000, 0x00000000acb00000|100%| E|CS|TAMS 0x00000000aca00000, 0x00000000aca00000| Complete 
| 715|0x00000000acb00000, 0x00000000acc00000, 0x00000000acc00000|100%| E|CS|TAMS 0x00000000acb00000, 0x00000000acb00000| Complete 
| 716|0x00000000acc00000, 0x00000000acd00000, 0x00000000acd00000|100%| E|CS|TAMS 0x00000000acc00000, 0x00000000acc00000| Complete 
| 717|0x00000000acd00000, 0x00000000ace00000, 0x00000000ace00000|100%| E|CS|TAMS 0x00000000acd00000, 0x00000000acd00000| Complete 
| 718|0x00000000ace00000, 0x00000000acf00000, 0x00000000acf00000|100%| E|CS|TAMS 0x00000000ace00000, 0x00000000ace00000| Complete 
| 719|0x00000000acf00000, 0x00000000ad000000, 0x00000000ad000000|100%| E|CS|TAMS 0x00000000acf00000, 0x00000000acf00000| Complete 
| 720|0x00000000ad000000, 0x00000000ad100000, 0x00000000ad100000|100%| E|CS|TAMS 0x00000000ad000000, 0x00000000ad000000| Complete 
| 721|0x00000000ad100000, 0x00000000ad200000, 0x00000000ad200000|100%| E|CS|TAMS 0x00000000ad100000, 0x00000000ad100000| Complete 
| 722|0x00000000ad200000, 0x00000000ad300000, 0x00000000ad300000|100%| E|CS|TAMS 0x00000000ad200000, 0x00000000ad200000| Complete 
| 723|0x00000000ad300000, 0x00000000ad400000, 0x00000000ad400000|100%| E|CS|TAMS 0x00000000ad300000, 0x00000000ad300000| Complete 
| 724|0x00000000ad400000, 0x00000000ad500000, 0x00000000ad500000|100%| E|CS|TAMS 0x00000000ad400000, 0x00000000ad400000| Complete 
| 725|0x00000000ad500000, 0x00000000ad600000, 0x00000000ad600000|100%| E|CS|TAMS 0x00000000ad500000, 0x00000000ad500000| Complete 
| 726|0x00000000ad600000, 0x00000000ad700000, 0x00000000ad700000|100%| E|CS|TAMS 0x00000000ad600000, 0x00000000ad600000| Complete 
| 727|0x00000000ad700000, 0x00000000ad800000, 0x00000000ad800000|100%| E|CS|TAMS 0x00000000ad700000, 0x00000000ad700000| Complete 
| 728|0x00000000ad800000, 0x00000000ad900000, 0x00000000ad900000|100%| E|CS|TAMS 0x00000000ad800000, 0x00000000ad800000| Complete 
| 729|0x00000000ad900000, 0x00000000ada00000, 0x00000000ada00000|100%| E|CS|TAMS 0x00000000ad900000, 0x00000000ad900000| Complete 
| 730|0x00000000ada00000, 0x00000000adb00000, 0x00000000adb00000|100%| E|CS|TAMS 0x00000000ada00000, 0x00000000ada00000| Complete 
| 731|0x00000000adb00000, 0x00000000adc00000, 0x00000000adc00000|100%| E|CS|TAMS 0x00000000adb00000, 0x00000000adb00000| Complete 
| 732|0x00000000adc00000, 0x00000000add00000, 0x00000000add00000|100%| E|CS|TAMS 0x00000000adc00000, 0x00000000adc00000| Complete 
| 733|0x00000000add00000, 0x00000000ade00000, 0x00000000ade00000|100%| E|CS|TAMS 0x00000000add00000, 0x00000000add00000| Complete 
| 734|0x00000000ade00000, 0x00000000adf00000, 0x00000000adf00000|100%| E|CS|TAMS 0x00000000ade00000, 0x00000000ade00000| Complete 
| 735|0x00000000adf00000, 0x00000000ae000000, 0x00000000ae000000|100%| E|CS|TAMS 0x00000000adf00000, 0x00000000adf00000| Complete 
| 736|0x00000000ae000000, 0x00000000ae100000, 0x00000000ae100000|100%| E|CS|TAMS 0x00000000ae000000, 0x00000000ae000000| Complete 
| 737|0x00000000ae100000, 0x00000000ae200000, 0x00000000ae200000|100%| E|CS|TAMS 0x00000000ae100000, 0x00000000ae100000| Complete 
| 738|0x00000000ae200000, 0x00000000ae300000, 0x00000000ae300000|100%| E|CS|TAMS 0x00000000ae200000, 0x00000000ae200000| Complete 
| 739|0x00000000ae300000, 0x00000000ae400000, 0x00000000ae400000|100%| E|CS|TAMS 0x00000000ae300000, 0x00000000ae300000| Complete 
| 740|0x00000000ae400000, 0x00000000ae500000, 0x00000000ae500000|100%| E|CS|TAMS 0x00000000ae400000, 0x00000000ae400000| Complete 
| 741|0x00000000ae500000, 0x00000000ae600000, 0x00000000ae600000|100%| E|CS|TAMS 0x00000000ae500000, 0x00000000ae500000| Complete 
| 742|0x00000000ae600000, 0x00000000ae700000, 0x00000000ae700000|100%| E|  |TAMS 0x00000000ae600000, 0x00000000ae600000| Complete 
| 743|0x00000000ae700000, 0x00000000ae800000, 0x00000000ae800000|100%| E|CS|TAMS 0x00000000ae700000, 0x00000000ae700000| Complete 
| 744|0x00000000ae800000, 0x00000000ae900000, 0x00000000ae900000|100%| E|CS|TAMS 0x00000000ae800000, 0x00000000ae800000| Complete 
| 745|0x00000000ae900000, 0x00000000aea00000, 0x00000000aea00000|100%| E|CS|TAMS 0x00000000ae900000, 0x00000000ae900000| Complete 
| 746|0x00000000aea00000, 0x00000000aeb00000, 0x00000000aeb00000|100%| E|CS|TAMS 0x00000000aea00000, 0x00000000aea00000| Complete 
| 747|0x00000000aeb00000, 0x00000000aec00000, 0x00000000aec00000|100%| E|CS|TAMS 0x00000000aeb00000, 0x00000000aeb00000| Complete 
| 748|0x00000000aec00000, 0x00000000aed00000, 0x00000000aed00000|100%| E|CS|TAMS 0x00000000aec00000, 0x00000000aec00000| Complete 
| 749|0x00000000aed00000, 0x00000000aee00000, 0x00000000aee00000|100%| E|CS|TAMS 0x00000000aed00000, 0x00000000aed00000| Complete 
| 750|0x00000000aee00000, 0x00000000aef00000, 0x00000000aef00000|100%| E|CS|TAMS 0x00000000aee00000, 0x00000000aee00000| Complete 
| 751|0x00000000aef00000, 0x00000000af000000, 0x00000000af000000|100%| E|CS|TAMS 0x00000000aef00000, 0x00000000aef00000| Complete 
| 752|0x00000000af000000, 0x00000000af100000, 0x00000000af100000|100%| E|CS|TAMS 0x00000000af000000, 0x00000000af000000| Complete 
| 753|0x00000000af100000, 0x00000000af200000, 0x00000000af200000|100%| E|CS|TAMS 0x00000000af100000, 0x00000000af100000| Complete 
| 754|0x00000000af200000, 0x00000000af300000, 0x00000000af300000|100%| E|CS|TAMS 0x00000000af200000, 0x00000000af200000| Complete 
| 755|0x00000000af300000, 0x00000000af400000, 0x00000000af400000|100%| E|CS|TAMS 0x00000000af300000, 0x00000000af300000| Complete 
| 756|0x00000000af400000, 0x00000000af500000, 0x00000000af500000|100%| E|CS|TAMS 0x00000000af400000, 0x00000000af400000| Complete 
| 757|0x00000000af500000, 0x00000000af600000, 0x00000000af600000|100%| E|CS|TAMS 0x00000000af500000, 0x00000000af500000| Complete 
| 758|0x00000000af600000, 0x00000000af700000, 0x00000000af700000|100%| E|CS|TAMS 0x00000000af600000, 0x00000000af600000| Complete 
| 759|0x00000000af700000, 0x00000000af800000, 0x00000000af800000|100%| E|CS|TAMS 0x00000000af700000, 0x00000000af700000| Complete 
| 760|0x00000000af800000, 0x00000000af900000, 0x00000000af900000|100%| E|CS|TAMS 0x00000000af800000, 0x00000000af800000| Complete 
| 761|0x00000000af900000, 0x00000000afa00000, 0x00000000afa00000|100%| E|CS|TAMS 0x00000000af900000, 0x00000000af900000| Complete 
| 762|0x00000000afa00000, 0x00000000afb00000, 0x00000000afb00000|100%| E|CS|TAMS 0x00000000afa00000, 0x00000000afa00000| Complete 
| 763|0x00000000afb00000, 0x00000000afc00000, 0x00000000afc00000|100%| E|CS|TAMS 0x00000000afb00000, 0x00000000afb00000| Complete 
| 764|0x00000000afc00000, 0x00000000afd00000, 0x00000000afd00000|100%| E|CS|TAMS 0x00000000afc00000, 0x00000000afc00000| Complete 
| 765|0x00000000afd00000, 0x00000000afe00000, 0x00000000afe00000|100%| E|CS|TAMS 0x00000000afd00000, 0x00000000afd00000| Complete 
| 766|0x00000000afe00000, 0x00000000aff00000, 0x00000000aff00000|100%| E|CS|TAMS 0x00000000afe00000, 0x00000000afe00000| Complete 
| 767|0x00000000aff00000, 0x00000000b0000000, 0x00000000b0000000|100%| E|CS|TAMS 0x00000000aff00000, 0x00000000aff00000| Complete 
| 768|0x00000000b0000000, 0x00000000b0100000, 0x00000000b0100000|100%| E|CS|TAMS 0x00000000b0000000, 0x00000000b0000000| Complete 
| 769|0x00000000b0100000, 0x00000000b0200000, 0x00000000b0200000|100%| E|CS|TAMS 0x00000000b0100000, 0x00000000b0100000| Complete 
| 770|0x00000000b0200000, 0x00000000b0300000, 0x00000000b0300000|100%| E|CS|TAMS 0x00000000b0200000, 0x00000000b0200000| Complete 
| 771|0x00000000b0300000, 0x00000000b0400000, 0x00000000b0400000|100%| E|CS|TAMS 0x00000000b0300000, 0x00000000b0300000| Complete 
| 772|0x00000000b0400000, 0x00000000b0500000, 0x00000000b0500000|100%| E|CS|TAMS 0x00000000b0400000, 0x00000000b0400000| Complete 
| 773|0x00000000b0500000, 0x00000000b0600000, 0x00000000b0600000|100%| E|CS|TAMS 0x00000000b0500000, 0x00000000b0500000| Complete 
| 774|0x00000000b0600000, 0x00000000b0700000, 0x00000000b0700000|100%| E|CS|TAMS 0x00000000b0600000, 0x00000000b0600000| Complete 
| 775|0x00000000b0700000, 0x00000000b0800000, 0x00000000b0800000|100%| E|CS|TAMS 0x00000000b0700000, 0x00000000b0700000| Complete 
| 776|0x00000000b0800000, 0x00000000b0900000, 0x00000000b0900000|100%| E|CS|TAMS 0x00000000b0800000, 0x00000000b0800000| Complete 
| 777|0x00000000b0900000, 0x00000000b0a00000, 0x00000000b0a00000|100%| E|CS|TAMS 0x00000000b0900000, 0x00000000b0900000| Complete 
| 778|0x00000000b0a00000, 0x00000000b0b00000, 0x00000000b0b00000|100%| E|CS|TAMS 0x00000000b0a00000, 0x00000000b0a00000| Complete 
| 779|0x00000000b0b00000, 0x00000000b0c00000, 0x00000000b0c00000|100%| E|CS|TAMS 0x00000000b0b00000, 0x00000000b0b00000| Complete 
| 780|0x00000000b0c00000, 0x00000000b0d00000, 0x00000000b0d00000|100%| E|CS|TAMS 0x00000000b0c00000, 0x00000000b0c00000| Complete 
| 781|0x00000000b0d00000, 0x00000000b0e00000, 0x00000000b0e00000|100%| E|CS|TAMS 0x00000000b0d00000, 0x00000000b0d00000| Complete 
| 782|0x00000000b0e00000, 0x00000000b0f00000, 0x00000000b0f00000|100%| E|CS|TAMS 0x00000000b0e00000, 0x00000000b0e00000| Complete 
| 783|0x00000000b0f00000, 0x00000000b1000000, 0x00000000b1000000|100%| E|CS|TAMS 0x00000000b0f00000, 0x00000000b0f00000| Complete 
| 784|0x00000000b1000000, 0x00000000b1100000, 0x00000000b1100000|100%| E|CS|TAMS 0x00000000b1000000, 0x00000000b1000000| Complete 
| 785|0x00000000b1100000, 0x00000000b1200000, 0x00000000b1200000|100%| E|CS|TAMS 0x00000000b1100000, 0x00000000b1100000| Complete 
| 786|0x00000000b1200000, 0x00000000b1300000, 0x00000000b1300000|100%| E|CS|TAMS 0x00000000b1200000, 0x00000000b1200000| Complete 
| 787|0x00000000b1300000, 0x00000000b1400000, 0x00000000b1400000|100%| E|CS|TAMS 0x00000000b1300000, 0x00000000b1300000| Complete 
| 788|0x00000000b1400000, 0x00000000b1500000, 0x00000000b1500000|100%| E|CS|TAMS 0x00000000b1400000, 0x00000000b1400000| Complete 
| 789|0x00000000b1500000, 0x00000000b1600000, 0x00000000b1600000|100%| E|CS|TAMS 0x00000000b1500000, 0x00000000b1500000| Complete 
| 790|0x00000000b1600000, 0x00000000b1700000, 0x00000000b1700000|100%| E|CS|TAMS 0x00000000b1600000, 0x00000000b1600000| Complete 
| 791|0x00000000b1700000, 0x00000000b1800000, 0x00000000b1800000|100%| E|CS|TAMS 0x00000000b1700000, 0x00000000b1700000| Complete 
| 792|0x00000000b1800000, 0x00000000b1900000, 0x00000000b1900000|100%| E|CS|TAMS 0x00000000b1800000, 0x00000000b1800000| Complete 
| 793|0x00000000b1900000, 0x00000000b1a00000, 0x00000000b1a00000|100%| E|CS|TAMS 0x00000000b1900000, 0x00000000b1900000| Complete 
| 794|0x00000000b1a00000, 0x00000000b1b00000, 0x00000000b1b00000|100%| E|CS|TAMS 0x00000000b1a00000, 0x00000000b1a00000| Complete 
| 795|0x00000000b1b00000, 0x00000000b1c00000, 0x00000000b1c00000|100%| E|CS|TAMS 0x00000000b1b00000, 0x00000000b1b00000| Complete 
| 796|0x00000000b1c00000, 0x00000000b1d00000, 0x00000000b1d00000|100%| E|CS|TAMS 0x00000000b1c00000, 0x00000000b1c00000| Complete 
| 797|0x00000000b1d00000, 0x00000000b1e00000, 0x00000000b1e00000|100%| E|CS|TAMS 0x00000000b1d00000, 0x00000000b1d00000| Complete 
| 798|0x00000000b1e00000, 0x00000000b1f00000, 0x00000000b1f00000|100%| E|CS|TAMS 0x00000000b1e00000, 0x00000000b1e00000| Complete 
| 799|0x00000000b1f00000, 0x00000000b2000000, 0x00000000b2000000|100%| E|CS|TAMS 0x00000000b1f00000, 0x00000000b1f00000| Complete 
| 800|0x00000000b2000000, 0x00000000b2100000, 0x00000000b2100000|100%| E|CS|TAMS 0x00000000b2000000, 0x00000000b2000000| Complete 
| 801|0x00000000b2100000, 0x00000000b2200000, 0x00000000b2200000|100%| E|CS|TAMS 0x00000000b2100000, 0x00000000b2100000| Complete 
| 802|0x00000000b2200000, 0x00000000b2300000, 0x00000000b2300000|100%| E|CS|TAMS 0x00000000b2200000, 0x00000000b2200000| Complete 
| 803|0x00000000b2300000, 0x00000000b2400000, 0x00000000b2400000|100%| E|CS|TAMS 0x00000000b2300000, 0x00000000b2300000| Complete 
| 804|0x00000000b2400000, 0x00000000b2500000, 0x00000000b2500000|100%| E|CS|TAMS 0x00000000b2400000, 0x00000000b2400000| Complete 
| 805|0x00000000b2500000, 0x00000000b2600000, 0x00000000b2600000|100%| E|CS|TAMS 0x00000000b2500000, 0x00000000b2500000| Complete 
| 806|0x00000000b2600000, 0x00000000b2700000, 0x00000000b2700000|100%| E|CS|TAMS 0x00000000b2600000, 0x00000000b2600000| Complete 
| 807|0x00000000b2700000, 0x00000000b2800000, 0x00000000b2800000|100%| E|CS|TAMS 0x00000000b2700000, 0x00000000b2700000| Complete 
| 808|0x00000000b2800000, 0x00000000b2900000, 0x00000000b2900000|100%| E|CS|TAMS 0x00000000b2800000, 0x00000000b2800000| Complete 
| 809|0x00000000b2900000, 0x00000000b2a00000, 0x00000000b2a00000|100%| E|CS|TAMS 0x00000000b2900000, 0x00000000b2900000| Complete 
| 810|0x00000000b2a00000, 0x00000000b2b00000, 0x00000000b2b00000|100%| E|CS|TAMS 0x00000000b2a00000, 0x00000000b2a00000| Complete 
| 811|0x00000000b2b00000, 0x00000000b2c00000, 0x00000000b2c00000|100%| E|CS|TAMS 0x00000000b2b00000, 0x00000000b2b00000| Complete 
| 812|0x00000000b2c00000, 0x00000000b2d00000, 0x00000000b2d00000|100%| E|CS|TAMS 0x00000000b2c00000, 0x00000000b2c00000| Complete 
| 813|0x00000000b2d00000, 0x00000000b2e00000, 0x00000000b2e00000|100%| E|CS|TAMS 0x00000000b2d00000, 0x00000000b2d00000| Complete 
| 814|0x00000000b2e00000, 0x00000000b2f00000, 0x00000000b2f00000|100%| E|CS|TAMS 0x00000000b2e00000, 0x00000000b2e00000| Complete 
| 815|0x00000000b2f00000, 0x00000000b3000000, 0x00000000b3000000|100%| E|CS|TAMS 0x00000000b2f00000, 0x00000000b2f00000| Complete 
| 816|0x00000000b3000000, 0x00000000b3100000, 0x00000000b3100000|100%| E|CS|TAMS 0x00000000b3000000, 0x00000000b3000000| Complete 
| 817|0x00000000b3100000, 0x00000000b3200000, 0x00000000b3200000|100%| E|CS|TAMS 0x00000000b3100000, 0x00000000b3100000| Complete 
| 818|0x00000000b3200000, 0x00000000b3300000, 0x00000000b3300000|100%| E|CS|TAMS 0x00000000b3200000, 0x00000000b3200000| Complete 
| 819|0x00000000b3300000, 0x00000000b3400000, 0x00000000b3400000|100%| E|CS|TAMS 0x00000000b3300000, 0x00000000b3300000| Complete 
| 820|0x00000000b3400000, 0x00000000b3500000, 0x00000000b3500000|100%| E|CS|TAMS 0x00000000b3400000, 0x00000000b3400000| Complete 
| 821|0x00000000b3500000, 0x00000000b3600000, 0x00000000b3600000|100%| E|CS|TAMS 0x00000000b3500000, 0x00000000b3500000| Complete 
| 822|0x00000000b3600000, 0x00000000b3700000, 0x00000000b3700000|100%| E|CS|TAMS 0x00000000b3600000, 0x00000000b3600000| Complete 
| 823|0x00000000b3700000, 0x00000000b3800000, 0x00000000b3800000|100%| E|CS|TAMS 0x00000000b3700000, 0x00000000b3700000| Complete 
| 824|0x00000000b3800000, 0x00000000b3900000, 0x00000000b3900000|100%| E|CS|TAMS 0x00000000b3800000, 0x00000000b3800000| Complete 
| 825|0x00000000b3900000, 0x00000000b3a00000, 0x00000000b3a00000|100%| E|CS|TAMS 0x00000000b3900000, 0x00000000b3900000| Complete 
| 826|0x00000000b3a00000, 0x00000000b3b00000, 0x00000000b3b00000|100%| E|CS|TAMS 0x00000000b3a00000, 0x00000000b3a00000| Complete 
| 827|0x00000000b3b00000, 0x00000000b3c00000, 0x00000000b3c00000|100%| E|CS|TAMS 0x00000000b3b00000, 0x00000000b3b00000| Complete 
| 828|0x00000000b3c00000, 0x00000000b3d00000, 0x00000000b3d00000|100%| E|CS|TAMS 0x00000000b3c00000, 0x00000000b3c00000| Complete 
| 829|0x00000000b3d00000, 0x00000000b3e00000, 0x00000000b3e00000|100%| E|CS|TAMS 0x00000000b3d00000, 0x00000000b3d00000| Complete 
| 830|0x00000000b3e00000, 0x00000000b3f00000, 0x00000000b3f00000|100%| E|CS|TAMS 0x00000000b3e00000, 0x00000000b3e00000| Complete 
| 831|0x00000000b3f00000, 0x00000000b4000000, 0x00000000b4000000|100%| E|CS|TAMS 0x00000000b3f00000, 0x00000000b3f00000| Complete 
| 832|0x00000000b4000000, 0x00000000b4100000, 0x00000000b4100000|100%| E|CS|TAMS 0x00000000b4000000, 0x00000000b4000000| Complete 
| 833|0x00000000b4100000, 0x00000000b4200000, 0x00000000b4200000|100%| E|CS|TAMS 0x00000000b4100000, 0x00000000b4100000| Complete 
| 834|0x00000000b4200000, 0x00000000b4300000, 0x00000000b4300000|100%| E|CS|TAMS 0x00000000b4200000, 0x00000000b4200000| Complete 
| 835|0x00000000b4300000, 0x00000000b4400000, 0x00000000b4400000|100%| E|CS|TAMS 0x00000000b4300000, 0x00000000b4300000| Complete 
| 836|0x00000000b4400000, 0x00000000b4500000, 0x00000000b4500000|100%| E|CS|TAMS 0x00000000b4400000, 0x00000000b4400000| Complete 
| 837|0x00000000b4500000, 0x00000000b4600000, 0x00000000b4600000|100%| E|CS|TAMS 0x00000000b4500000, 0x00000000b4500000| Complete 
| 838|0x00000000b4600000, 0x00000000b4700000, 0x00000000b4700000|100%| E|CS|TAMS 0x00000000b4600000, 0x00000000b4600000| Complete 
| 839|0x00000000b4700000, 0x00000000b4800000, 0x00000000b4800000|100%| E|CS|TAMS 0x00000000b4700000, 0x00000000b4700000| Complete 
| 840|0x00000000b4800000, 0x00000000b4900000, 0x00000000b4900000|100%| E|CS|TAMS 0x00000000b4800000, 0x00000000b4800000| Complete 
| 841|0x00000000b4900000, 0x00000000b4a00000, 0x00000000b4a00000|100%| E|CS|TAMS 0x00000000b4900000, 0x00000000b4900000| Complete 
| 842|0x00000000b4a00000, 0x00000000b4b00000, 0x00000000b4b00000|100%| E|CS|TAMS 0x00000000b4a00000, 0x00000000b4a00000| Complete 
| 843|0x00000000b4b00000, 0x00000000b4c00000, 0x00000000b4c00000|100%| E|CS|TAMS 0x00000000b4b00000, 0x00000000b4b00000| Complete 
| 844|0x00000000b4c00000, 0x00000000b4d00000, 0x00000000b4d00000|100%| E|CS|TAMS 0x00000000b4c00000, 0x00000000b4c00000| Complete 
| 845|0x00000000b4d00000, 0x00000000b4e00000, 0x00000000b4e00000|100%| E|CS|TAMS 0x00000000b4d00000, 0x00000000b4d00000| Complete 
| 846|0x00000000b4e00000, 0x00000000b4f00000, 0x00000000b4f00000|100%| E|CS|TAMS 0x00000000b4e00000, 0x00000000b4e00000| Complete 
| 847|0x00000000b4f00000, 0x00000000b5000000, 0x00000000b5000000|100%| E|CS|TAMS 0x00000000b4f00000, 0x00000000b4f00000| Complete 
| 848|0x00000000b5000000, 0x00000000b5100000, 0x00000000b5100000|100%| E|CS|TAMS 0x00000000b5000000, 0x00000000b5000000| Complete 
| 849|0x00000000b5100000, 0x00000000b5200000, 0x00000000b5200000|100%| E|CS|TAMS 0x00000000b5100000, 0x00000000b5100000| Complete 
| 850|0x00000000b5200000, 0x00000000b5300000, 0x00000000b5300000|100%| E|CS|TAMS 0x00000000b5200000, 0x00000000b5200000| Complete 
| 851|0x00000000b5300000, 0x00000000b5400000, 0x00000000b5400000|100%| E|CS|TAMS 0x00000000b5300000, 0x00000000b5300000| Complete 
| 852|0x00000000b5400000, 0x00000000b5500000, 0x00000000b5500000|100%| E|CS|TAMS 0x00000000b5400000, 0x00000000b5400000| Complete 
| 853|0x00000000b5500000, 0x00000000b5600000, 0x00000000b5600000|100%| E|CS|TAMS 0x00000000b5500000, 0x00000000b5500000| Complete 
| 854|0x00000000b5600000, 0x00000000b5700000, 0x00000000b5700000|100%| E|CS|TAMS 0x00000000b5600000, 0x00000000b5600000| Complete 
| 855|0x00000000b5700000, 0x00000000b5800000, 0x00000000b5800000|100%| E|CS|TAMS 0x00000000b5700000, 0x00000000b5700000| Complete 
| 856|0x00000000b5800000, 0x00000000b5900000, 0x00000000b5900000|100%| E|CS|TAMS 0x00000000b5800000, 0x00000000b5800000| Complete 
| 857|0x00000000b5900000, 0x00000000b5a00000, 0x00000000b5a00000|100%| E|CS|TAMS 0x00000000b5900000, 0x00000000b5900000| Complete 
| 858|0x00000000b5a00000, 0x00000000b5b00000, 0x00000000b5b00000|100%| E|CS|TAMS 0x00000000b5a00000, 0x00000000b5a00000| Complete 
| 859|0x00000000b5b00000, 0x00000000b5c00000, 0x00000000b5c00000|100%| E|CS|TAMS 0x00000000b5b00000, 0x00000000b5b00000| Complete 
| 860|0x00000000b5c00000, 0x00000000b5d00000, 0x00000000b5d00000|100%| E|CS|TAMS 0x00000000b5c00000, 0x00000000b5c00000| Complete 
| 861|0x00000000b5d00000, 0x00000000b5e00000, 0x00000000b5e00000|100%| E|CS|TAMS 0x00000000b5d00000, 0x00000000b5d00000| Complete 
| 862|0x00000000b5e00000, 0x00000000b5f00000, 0x00000000b5f00000|100%| E|CS|TAMS 0x00000000b5e00000, 0x00000000b5e00000| Complete 
| 863|0x00000000b5f00000, 0x00000000b6000000, 0x00000000b6000000|100%| E|CS|TAMS 0x00000000b5f00000, 0x00000000b5f00000| Complete 
| 864|0x00000000b6000000, 0x00000000b6100000, 0x00000000b6100000|100%| E|CS|TAMS 0x00000000b6000000, 0x00000000b6000000| Complete 
| 865|0x00000000b6100000, 0x00000000b6200000, 0x00000000b6200000|100%| E|CS|TAMS 0x00000000b6100000, 0x00000000b6100000| Complete 
| 866|0x00000000b6200000, 0x00000000b6300000, 0x00000000b6300000|100%| E|CS|TAMS 0x00000000b6200000, 0x00000000b6200000| Complete 
| 867|0x00000000b6300000, 0x00000000b6400000, 0x00000000b6400000|100%| E|CS|TAMS 0x00000000b6300000, 0x00000000b6300000| Complete 
| 868|0x00000000b6400000, 0x00000000b6500000, 0x00000000b6500000|100%| E|CS|TAMS 0x00000000b6400000, 0x00000000b6400000| Complete 
| 869|0x00000000b6500000, 0x00000000b6600000, 0x00000000b6600000|100%| E|CS|TAMS 0x00000000b6500000, 0x00000000b6500000| Complete 
| 870|0x00000000b6600000, 0x00000000b6700000, 0x00000000b6700000|100%| E|CS|TAMS 0x00000000b6600000, 0x00000000b6600000| Complete 
| 871|0x00000000b6700000, 0x00000000b6800000, 0x00000000b6800000|100%| E|CS|TAMS 0x00000000b6700000, 0x00000000b6700000| Complete 
| 872|0x00000000b6800000, 0x00000000b6900000, 0x00000000b6900000|100%| E|CS|TAMS 0x00000000b6800000, 0x00000000b6800000| Complete 
| 873|0x00000000b6900000, 0x00000000b6a00000, 0x00000000b6a00000|100%| E|CS|TAMS 0x00000000b6900000, 0x00000000b6900000| Complete 
| 874|0x00000000b6a00000, 0x00000000b6b00000, 0x00000000b6b00000|100%| E|CS|TAMS 0x00000000b6a00000, 0x00000000b6a00000| Complete 
| 875|0x00000000b6b00000, 0x00000000b6c00000, 0x00000000b6c00000|100%| E|CS|TAMS 0x00000000b6b00000, 0x00000000b6b00000| Complete 
| 876|0x00000000b6c00000, 0x00000000b6d00000, 0x00000000b6d00000|100%| E|CS|TAMS 0x00000000b6c00000, 0x00000000b6c00000| Complete 
| 877|0x00000000b6d00000, 0x00000000b6e00000, 0x00000000b6e00000|100%| E|CS|TAMS 0x00000000b6d00000, 0x00000000b6d00000| Complete 
| 878|0x00000000b6e00000, 0x00000000b6f00000, 0x00000000b6f00000|100%| E|CS|TAMS 0x00000000b6e00000, 0x00000000b6e00000| Complete 
| 879|0x00000000b6f00000, 0x00000000b7000000, 0x00000000b7000000|100%| E|CS|TAMS 0x00000000b6f00000, 0x00000000b6f00000| Complete 
| 880|0x00000000b7000000, 0x00000000b7100000, 0x00000000b7100000|100%| E|CS|TAMS 0x00000000b7000000, 0x00000000b7000000| Complete 
| 881|0x00000000b7100000, 0x00000000b7200000, 0x00000000b7200000|100%| E|CS|TAMS 0x00000000b7100000, 0x00000000b7100000| Complete 
| 882|0x00000000b7200000, 0x00000000b7300000, 0x00000000b7300000|100%| E|CS|TAMS 0x00000000b7200000, 0x00000000b7200000| Complete 
| 883|0x00000000b7300000, 0x00000000b7400000, 0x00000000b7400000|100%| E|CS|TAMS 0x00000000b7300000, 0x00000000b7300000| Complete 
| 884|0x00000000b7400000, 0x00000000b7500000, 0x00000000b7500000|100%| E|CS|TAMS 0x00000000b7400000, 0x00000000b7400000| Complete 
| 885|0x00000000b7500000, 0x00000000b7600000, 0x00000000b7600000|100%| E|CS|TAMS 0x00000000b7500000, 0x00000000b7500000| Complete 
| 886|0x00000000b7600000, 0x00000000b7700000, 0x00000000b7700000|100%| E|CS|TAMS 0x00000000b7600000, 0x00000000b7600000| Complete 
| 887|0x00000000b7700000, 0x00000000b7800000, 0x00000000b7800000|100%| E|CS|TAMS 0x00000000b7700000, 0x00000000b7700000| Complete 
| 888|0x00000000b7800000, 0x00000000b7900000, 0x00000000b7900000|100%| E|CS|TAMS 0x00000000b7800000, 0x00000000b7800000| Complete 
| 889|0x00000000b7900000, 0x00000000b7a00000, 0x00000000b7a00000|100%| E|CS|TAMS 0x00000000b7900000, 0x00000000b7900000| Complete 
| 890|0x00000000b7a00000, 0x00000000b7b00000, 0x00000000b7b00000|100%| E|CS|TAMS 0x00000000b7a00000, 0x00000000b7a00000| Complete 
| 891|0x00000000b7b00000, 0x00000000b7c00000, 0x00000000b7c00000|100%| E|CS|TAMS 0x00000000b7b00000, 0x00000000b7b00000| Complete 
| 892|0x00000000b7c00000, 0x00000000b7d00000, 0x00000000b7d00000|100%| E|CS|TAMS 0x00000000b7c00000, 0x00000000b7c00000| Complete 
| 893|0x00000000b7d00000, 0x00000000b7e00000, 0x00000000b7e00000|100%| E|CS|TAMS 0x00000000b7d00000, 0x00000000b7d00000| Complete 
| 894|0x00000000b7e00000, 0x00000000b7f00000, 0x00000000b7f00000|100%| E|CS|TAMS 0x00000000b7e00000, 0x00000000b7e00000| Complete 
| 895|0x00000000b7f00000, 0x00000000b8000000, 0x00000000b8000000|100%| E|CS|TAMS 0x00000000b7f00000, 0x00000000b7f00000| Complete 
| 896|0x00000000b8000000, 0x00000000b8100000, 0x00000000b8100000|100%| E|CS|TAMS 0x00000000b8000000, 0x00000000b8000000| Complete 
| 897|0x00000000b8100000, 0x00000000b8200000, 0x00000000b8200000|100%| E|CS|TAMS 0x00000000b8100000, 0x00000000b8100000| Complete 
| 898|0x00000000b8200000, 0x00000000b8300000, 0x00000000b8300000|100%| E|CS|TAMS 0x00000000b8200000, 0x00000000b8200000| Complete 
| 899|0x00000000b8300000, 0x00000000b8400000, 0x00000000b8400000|100%| E|CS|TAMS 0x00000000b8300000, 0x00000000b8300000| Complete 
| 900|0x00000000b8400000, 0x00000000b8500000, 0x00000000b8500000|100%| E|CS|TAMS 0x00000000b8400000, 0x00000000b8400000| Complete 
| 901|0x00000000b8500000, 0x00000000b8600000, 0x00000000b8600000|100%| E|CS|TAMS 0x00000000b8500000, 0x00000000b8500000| Complete 
| 902|0x00000000b8600000, 0x00000000b8700000, 0x00000000b8700000|100%| E|CS|TAMS 0x00000000b8600000, 0x00000000b8600000| Complete 
| 903|0x00000000b8700000, 0x00000000b8800000, 0x00000000b8800000|100%| E|CS|TAMS 0x00000000b8700000, 0x00000000b8700000| Complete 
| 904|0x00000000b8800000, 0x00000000b8900000, 0x00000000b8900000|100%| E|CS|TAMS 0x00000000b8800000, 0x00000000b8800000| Complete 
| 905|0x00000000b8900000, 0x00000000b8a00000, 0x00000000b8a00000|100%| E|CS|TAMS 0x00000000b8900000, 0x00000000b8900000| Complete 
| 906|0x00000000b8a00000, 0x00000000b8b00000, 0x00000000b8b00000|100%| E|CS|TAMS 0x00000000b8a00000, 0x00000000b8a00000| Complete 
| 907|0x00000000b8b00000, 0x00000000b8c00000, 0x00000000b8c00000|100%| E|CS|TAMS 0x00000000b8b00000, 0x00000000b8b00000| Complete 
| 908|0x00000000b8c00000, 0x00000000b8d00000, 0x00000000b8d00000|100%| E|CS|TAMS 0x00000000b8c00000, 0x00000000b8c00000| Complete 
| 909|0x00000000b8d00000, 0x00000000b8e00000, 0x00000000b8e00000|100%| E|CS|TAMS 0x00000000b8d00000, 0x00000000b8d00000| Complete 
| 910|0x00000000b8e00000, 0x00000000b8f00000, 0x00000000b8f00000|100%| E|CS|TAMS 0x00000000b8e00000, 0x00000000b8e00000| Complete 
| 911|0x00000000b8f00000, 0x00000000b9000000, 0x00000000b9000000|100%| E|CS|TAMS 0x00000000b8f00000, 0x00000000b8f00000| Complete 
| 912|0x00000000b9000000, 0x00000000b9100000, 0x00000000b9100000|100%| E|CS|TAMS 0x00000000b9000000, 0x00000000b9000000| Complete 
| 913|0x00000000b9100000, 0x00000000b9200000, 0x00000000b9200000|100%| E|CS|TAMS 0x00000000b9100000, 0x00000000b9100000| Complete 
| 914|0x00000000b9200000, 0x00000000b9300000, 0x00000000b9300000|100%| E|CS|TAMS 0x00000000b9200000, 0x00000000b9200000| Complete 
| 915|0x00000000b9300000, 0x00000000b9400000, 0x00000000b9400000|100%| E|CS|TAMS 0x00000000b9300000, 0x00000000b9300000| Complete 
| 916|0x00000000b9400000, 0x00000000b9500000, 0x00000000b9500000|100%| E|CS|TAMS 0x00000000b9400000, 0x00000000b9400000| Complete 
| 917|0x00000000b9500000, 0x00000000b9600000, 0x00000000b9600000|100%| E|CS|TAMS 0x00000000b9500000, 0x00000000b9500000| Complete 
| 918|0x00000000b9600000, 0x00000000b9700000, 0x00000000b9700000|100%| E|CS|TAMS 0x00000000b9600000, 0x00000000b9600000| Complete 
| 919|0x00000000b9700000, 0x00000000b9800000, 0x00000000b9800000|100%| E|CS|TAMS 0x00000000b9700000, 0x00000000b9700000| Complete 
| 920|0x00000000b9800000, 0x00000000b9900000, 0x00000000b9900000|100%| E|CS|TAMS 0x00000000b9800000, 0x00000000b9800000| Complete 
| 921|0x00000000b9900000, 0x00000000b9a00000, 0x00000000b9a00000|100%| E|CS|TAMS 0x00000000b9900000, 0x00000000b9900000| Complete 
| 922|0x00000000b9a00000, 0x00000000b9b00000, 0x00000000b9b00000|100%| E|CS|TAMS 0x00000000b9a00000, 0x00000000b9a00000| Complete 
| 923|0x00000000b9b00000, 0x00000000b9c00000, 0x00000000b9c00000|100%| E|CS|TAMS 0x00000000b9b00000, 0x00000000b9b00000| Complete 
| 924|0x00000000b9c00000, 0x00000000b9d00000, 0x00000000b9d00000|100%| E|CS|TAMS 0x00000000b9c00000, 0x00000000b9c00000| Complete 
| 925|0x00000000b9d00000, 0x00000000b9e00000, 0x00000000b9e00000|100%| E|CS|TAMS 0x00000000b9d00000, 0x00000000b9d00000| Complete 
| 926|0x00000000b9e00000, 0x00000000b9f00000, 0x00000000b9f00000|100%| E|CS|TAMS 0x00000000b9e00000, 0x00000000b9e00000| Complete 
| 927|0x00000000b9f00000, 0x00000000ba000000, 0x00000000ba000000|100%| E|CS|TAMS 0x00000000b9f00000, 0x00000000b9f00000| Complete 
| 928|0x00000000ba000000, 0x00000000ba100000, 0x00000000ba100000|100%| E|CS|TAMS 0x00000000ba000000, 0x00000000ba000000| Complete 
| 929|0x00000000ba100000, 0x00000000ba200000, 0x00000000ba200000|100%| E|CS|TAMS 0x00000000ba100000, 0x00000000ba100000| Complete 
| 930|0x00000000ba200000, 0x00000000ba300000, 0x00000000ba300000|100%| E|CS|TAMS 0x00000000ba200000, 0x00000000ba200000| Complete 
| 931|0x00000000ba300000, 0x00000000ba400000, 0x00000000ba400000|100%| E|CS|TAMS 0x00000000ba300000, 0x00000000ba300000| Complete 
| 932|0x00000000ba400000, 0x00000000ba500000, 0x00000000ba500000|100%| E|CS|TAMS 0x00000000ba400000, 0x00000000ba400000| Complete 
| 933|0x00000000ba500000, 0x00000000ba600000, 0x00000000ba600000|100%| E|CS|TAMS 0x00000000ba500000, 0x00000000ba500000| Complete 
| 934|0x00000000ba600000, 0x00000000ba700000, 0x00000000ba700000|100%| E|CS|TAMS 0x00000000ba600000, 0x00000000ba600000| Complete 
| 935|0x00000000ba700000, 0x00000000ba800000, 0x00000000ba800000|100%| E|CS|TAMS 0x00000000ba700000, 0x00000000ba700000| Complete 
| 936|0x00000000ba800000, 0x00000000ba900000, 0x00000000ba900000|100%| E|CS|TAMS 0x00000000ba800000, 0x00000000ba800000| Complete 
| 937|0x00000000ba900000, 0x00000000baa00000, 0x00000000baa00000|100%| E|CS|TAMS 0x00000000ba900000, 0x00000000ba900000| Complete 
| 938|0x00000000baa00000, 0x00000000bab00000, 0x00000000bab00000|100%| E|CS|TAMS 0x00000000baa00000, 0x00000000baa00000| Complete 
| 939|0x00000000bab00000, 0x00000000bac00000, 0x00000000bac00000|100%| E|CS|TAMS 0x00000000bab00000, 0x00000000bab00000| Complete 
| 940|0x00000000bac00000, 0x00000000bad00000, 0x00000000bad00000|100%| E|CS|TAMS 0x00000000bac00000, 0x00000000bac00000| Complete 
| 941|0x00000000bad00000, 0x00000000bae00000, 0x00000000bae00000|100%| E|CS|TAMS 0x00000000bad00000, 0x00000000bad00000| Complete 
| 942|0x00000000bae00000, 0x00000000baf00000, 0x00000000baf00000|100%| E|CS|TAMS 0x00000000bae00000, 0x00000000bae00000| Complete 
| 943|0x00000000baf00000, 0x00000000bb000000, 0x00000000bb000000|100%| E|CS|TAMS 0x00000000baf00000, 0x00000000baf00000| Complete 
| 944|0x00000000bb000000, 0x00000000bb100000, 0x00000000bb100000|100%| E|CS|TAMS 0x00000000bb000000, 0x00000000bb000000| Complete 
| 945|0x00000000bb100000, 0x00000000bb200000, 0x00000000bb200000|100%| E|CS|TAMS 0x00000000bb100000, 0x00000000bb100000| Complete 
| 946|0x00000000bb200000, 0x00000000bb300000, 0x00000000bb300000|100%| E|CS|TAMS 0x00000000bb200000, 0x00000000bb200000| Complete 
| 947|0x00000000bb300000, 0x00000000bb400000, 0x00000000bb400000|100%| E|CS|TAMS 0x00000000bb300000, 0x00000000bb300000| Complete 
| 948|0x00000000bb400000, 0x00000000bb500000, 0x00000000bb500000|100%| E|CS|TAMS 0x00000000bb400000, 0x00000000bb400000| Complete 
| 949|0x00000000bb500000, 0x00000000bb600000, 0x00000000bb600000|100%| E|CS|TAMS 0x00000000bb500000, 0x00000000bb500000| Complete 
| 950|0x00000000bb600000, 0x00000000bb700000, 0x00000000bb700000|100%| E|CS|TAMS 0x00000000bb600000, 0x00000000bb600000| Complete 
| 951|0x00000000bb700000, 0x00000000bb800000, 0x00000000bb800000|100%| E|CS|TAMS 0x00000000bb700000, 0x00000000bb700000| Complete 
| 952|0x00000000bb800000, 0x00000000bb900000, 0x00000000bb900000|100%| E|CS|TAMS 0x00000000bb800000, 0x00000000bb800000| Complete 
| 953|0x00000000bb900000, 0x00000000bba00000, 0x00000000bba00000|100%| E|CS|TAMS 0x00000000bb900000, 0x00000000bb900000| Complete 
| 954|0x00000000bba00000, 0x00000000bbb00000, 0x00000000bbb00000|100%| E|CS|TAMS 0x00000000bba00000, 0x00000000bba00000| Complete 
| 955|0x00000000bbb00000, 0x00000000bbc00000, 0x00000000bbc00000|100%| E|CS|TAMS 0x00000000bbb00000, 0x00000000bbb00000| Complete 
| 956|0x00000000bbc00000, 0x00000000bbd00000, 0x00000000bbd00000|100%| E|CS|TAMS 0x00000000bbc00000, 0x00000000bbc00000| Complete 
| 957|0x00000000bbd00000, 0x00000000bbe00000, 0x00000000bbe00000|100%| E|CS|TAMS 0x00000000bbd00000, 0x00000000bbd00000| Complete 
| 958|0x00000000bbe00000, 0x00000000bbf00000, 0x00000000bbf00000|100%| E|CS|TAMS 0x00000000bbe00000, 0x00000000bbe00000| Complete 
| 959|0x00000000bbf00000, 0x00000000bc000000, 0x00000000bc000000|100%| E|CS|TAMS 0x00000000bbf00000, 0x00000000bbf00000| Complete 
| 960|0x00000000bc000000, 0x00000000bc100000, 0x00000000bc100000|100%| E|CS|TAMS 0x00000000bc000000, 0x00000000bc000000| Complete 
| 961|0x00000000bc100000, 0x00000000bc200000, 0x00000000bc200000|100%| E|CS|TAMS 0x00000000bc100000, 0x00000000bc100000| Complete 
| 962|0x00000000bc200000, 0x00000000bc300000, 0x00000000bc300000|100%| E|CS|TAMS 0x00000000bc200000, 0x00000000bc200000| Complete 
| 963|0x00000000bc300000, 0x00000000bc400000, 0x00000000bc400000|100%| E|CS|TAMS 0x00000000bc300000, 0x00000000bc300000| Complete 
| 964|0x00000000bc400000, 0x00000000bc500000, 0x00000000bc500000|100%| E|CS|TAMS 0x00000000bc400000, 0x00000000bc400000| Complete 
| 965|0x00000000bc500000, 0x00000000bc600000, 0x00000000bc600000|100%| E|CS|TAMS 0x00000000bc500000, 0x00000000bc500000| Complete 
| 966|0x00000000bc600000, 0x00000000bc700000, 0x00000000bc700000|100%| E|CS|TAMS 0x00000000bc600000, 0x00000000bc600000| Complete 
| 967|0x00000000bc700000, 0x00000000bc800000, 0x00000000bc800000|100%| E|CS|TAMS 0x00000000bc700000, 0x00000000bc700000| Complete 
| 968|0x00000000bc800000, 0x00000000bc900000, 0x00000000bc900000|100%| E|CS|TAMS 0x00000000bc800000, 0x00000000bc800000| Complete 
| 969|0x00000000bc900000, 0x00000000bca00000, 0x00000000bca00000|100%| E|CS|TAMS 0x00000000bc900000, 0x00000000bc900000| Complete 
| 970|0x00000000bca00000, 0x00000000bcb00000, 0x00000000bcb00000|100%| E|CS|TAMS 0x00000000bca00000, 0x00000000bca00000| Complete 
| 971|0x00000000bcb00000, 0x00000000bcc00000, 0x00000000bcc00000|100%| E|CS|TAMS 0x00000000bcb00000, 0x00000000bcb00000| Complete 
| 972|0x00000000bcc00000, 0x00000000bcd00000, 0x00000000bcd00000|100%| E|CS|TAMS 0x00000000bcc00000, 0x00000000bcc00000| Complete 
| 973|0x00000000bcd00000, 0x00000000bce00000, 0x00000000bce00000|100%| E|CS|TAMS 0x00000000bcd00000, 0x00000000bcd00000| Complete 
| 974|0x00000000bce00000, 0x00000000bcf00000, 0x00000000bcf00000|100%| E|CS|TAMS 0x00000000bce00000, 0x00000000bce00000| Complete 
| 975|0x00000000bcf00000, 0x00000000bd000000, 0x00000000bd000000|100%| E|CS|TAMS 0x00000000bcf00000, 0x00000000bcf00000| Complete 
| 976|0x00000000bd000000, 0x00000000bd100000, 0x00000000bd100000|100%| E|CS|TAMS 0x00000000bd000000, 0x00000000bd000000| Complete 
| 977|0x00000000bd100000, 0x00000000bd200000, 0x00000000bd200000|100%| E|CS|TAMS 0x00000000bd100000, 0x00000000bd100000| Complete 
| 978|0x00000000bd200000, 0x00000000bd300000, 0x00000000bd300000|100%| E|CS|TAMS 0x00000000bd200000, 0x00000000bd200000| Complete 
| 979|0x00000000bd300000, 0x00000000bd400000, 0x00000000bd400000|100%| E|CS|TAMS 0x00000000bd300000, 0x00000000bd300000| Complete 
| 980|0x00000000bd400000, 0x00000000bd500000, 0x00000000bd500000|100%| E|CS|TAMS 0x00000000bd400000, 0x00000000bd400000| Complete 
| 981|0x00000000bd500000, 0x00000000bd600000, 0x00000000bd600000|100%| E|CS|TAMS 0x00000000bd500000, 0x00000000bd500000| Complete 
| 982|0x00000000bd600000, 0x00000000bd700000, 0x00000000bd700000|100%| E|CS|TAMS 0x00000000bd600000, 0x00000000bd600000| Complete 
| 983|0x00000000bd700000, 0x00000000bd800000, 0x00000000bd800000|100%| E|CS|TAMS 0x00000000bd700000, 0x00000000bd700000| Complete 
| 984|0x00000000bd800000, 0x00000000bd900000, 0x00000000bd900000|100%| E|CS|TAMS 0x00000000bd800000, 0x00000000bd800000| Complete 
| 985|0x00000000bd900000, 0x00000000bda00000, 0x00000000bda00000|100%| E|CS|TAMS 0x00000000bd900000, 0x00000000bd900000| Complete 
| 986|0x00000000bda00000, 0x00000000bdb00000, 0x00000000bdb00000|100%| E|CS|TAMS 0x00000000bda00000, 0x00000000bda00000| Complete 
| 987|0x00000000bdb00000, 0x00000000bdc00000, 0x00000000bdc00000|100%| E|CS|TAMS 0x00000000bdb00000, 0x00000000bdb00000| Complete 
| 988|0x00000000bdc00000, 0x00000000bdd00000, 0x00000000bdd00000|100%| E|CS|TAMS 0x00000000bdc00000, 0x00000000bdc00000| Complete 
| 989|0x00000000bdd00000, 0x00000000bde00000, 0x00000000bde00000|100%| E|CS|TAMS 0x00000000bdd00000, 0x00000000bdd00000| Complete 
| 990|0x00000000bde00000, 0x00000000bdf00000, 0x00000000bdf00000|100%| E|CS|TAMS 0x00000000bde00000, 0x00000000bde00000| Complete 
| 991|0x00000000bdf00000, 0x00000000be000000, 0x00000000be000000|100%| E|CS|TAMS 0x00000000bdf00000, 0x00000000bdf00000| Complete 
| 992|0x00000000be000000, 0x00000000be100000, 0x00000000be100000|100%| E|CS|TAMS 0x00000000be000000, 0x00000000be000000| Complete 
| 993|0x00000000be100000, 0x00000000be200000, 0x00000000be200000|100%| E|CS|TAMS 0x00000000be100000, 0x00000000be100000| Complete 
| 994|0x00000000be200000, 0x00000000be300000, 0x00000000be300000|100%| E|CS|TAMS 0x00000000be200000, 0x00000000be200000| Complete 
| 995|0x00000000be300000, 0x00000000be400000, 0x00000000be400000|100%| E|CS|TAMS 0x00000000be300000, 0x00000000be300000| Complete 
| 996|0x00000000be400000, 0x00000000be500000, 0x00000000be500000|100%| E|CS|TAMS 0x00000000be400000, 0x00000000be400000| Complete 
| 997|0x00000000be500000, 0x00000000be600000, 0x00000000be600000|100%| E|CS|TAMS 0x00000000be500000, 0x00000000be500000| Complete 
| 998|0x00000000be600000, 0x00000000be700000, 0x00000000be700000|100%| E|CS|TAMS 0x00000000be600000, 0x00000000be600000| Complete 
| 999|0x00000000be700000, 0x00000000be800000, 0x00000000be800000|100%| E|CS|TAMS 0x00000000be700000, 0x00000000be700000| Complete 
|1000|0x00000000be800000, 0x00000000be900000, 0x00000000be900000|100%| E|CS|TAMS 0x00000000be800000, 0x00000000be800000| Complete 
|1001|0x00000000be900000, 0x00000000bea00000, 0x00000000bea00000|100%| E|CS|TAMS 0x00000000be900000, 0x00000000be900000| Complete 
|1002|0x00000000bea00000, 0x00000000beb00000, 0x00000000beb00000|100%| E|CS|TAMS 0x00000000bea00000, 0x00000000bea00000| Complete 
|1003|0x00000000beb00000, 0x00000000bec00000, 0x00000000bec00000|100%| E|CS|TAMS 0x00000000beb00000, 0x00000000beb00000| Complete 
|1004|0x00000000bec00000, 0x00000000bed00000, 0x00000000bed00000|100%| E|CS|TAMS 0x00000000bec00000, 0x00000000bec00000| Complete 
|1005|0x00000000bed00000, 0x00000000bee00000, 0x00000000bee00000|100%| E|CS|TAMS 0x00000000bed00000, 0x00000000bed00000| Complete 
|1006|0x00000000bee00000, 0x00000000bef00000, 0x00000000bef00000|100%| E|CS|TAMS 0x00000000bee00000, 0x00000000bee00000| Complete 
|1007|0x00000000bef00000, 0x00000000bf000000, 0x00000000bf000000|100%| E|CS|TAMS 0x00000000bef00000, 0x00000000bef00000| Complete 
|1008|0x00000000bf000000, 0x00000000bf100000, 0x00000000bf100000|100%| E|CS|TAMS 0x00000000bf000000, 0x00000000bf000000| Complete 
|1009|0x00000000bf100000, 0x00000000bf200000, 0x00000000bf200000|100%| E|CS|TAMS 0x00000000bf100000, 0x00000000bf100000| Complete 
|1010|0x00000000bf200000, 0x00000000bf300000, 0x00000000bf300000|100%| E|CS|TAMS 0x00000000bf200000, 0x00000000bf200000| Complete 
|1011|0x00000000bf300000, 0x00000000bf400000, 0x00000000bf400000|100%| E|CS|TAMS 0x00000000bf300000, 0x00000000bf300000| Complete 
|1012|0x00000000bf400000, 0x00000000bf500000, 0x00000000bf500000|100%| E|CS|TAMS 0x00000000bf400000, 0x00000000bf400000| Complete 
|1013|0x00000000bf500000, 0x00000000bf600000, 0x00000000bf600000|100%| E|CS|TAMS 0x00000000bf500000, 0x00000000bf500000| Complete 
|1014|0x00000000bf600000, 0x00000000bf700000, 0x00000000bf700000|100%| E|CS|TAMS 0x00000000bf600000, 0x00000000bf600000| Complete 
|1015|0x00000000bf700000, 0x00000000bf800000, 0x00000000bf800000|100%| E|CS|TAMS 0x00000000bf700000, 0x00000000bf700000| Complete 
|1016|0x00000000bf800000, 0x00000000bf900000, 0x00000000bf900000|100%| E|CS|TAMS 0x00000000bf800000, 0x00000000bf800000| Complete 
|1017|0x00000000bf900000, 0x00000000bfa00000, 0x00000000bfa00000|100%| E|CS|TAMS 0x00000000bf900000, 0x00000000bf900000| Complete 
|1018|0x00000000bfa00000, 0x00000000bfb00000, 0x00000000bfb00000|100%| E|CS|TAMS 0x00000000bfa00000, 0x00000000bfa00000| Complete 
|1019|0x00000000bfb00000, 0x00000000bfc00000, 0x00000000bfc00000|100%| E|CS|TAMS 0x00000000bfb00000, 0x00000000bfb00000| Complete 
|1020|0x00000000bfc00000, 0x00000000bfd00000, 0x00000000bfd00000|100%| E|CS|TAMS 0x00000000bfc00000, 0x00000000bfc00000| Complete 
|1021|0x00000000bfd00000, 0x00000000bfe00000, 0x00000000bfe00000|100%| E|CS|TAMS 0x00000000bfd00000, 0x00000000bfd00000| Complete 
|1022|0x00000000bfe00000, 0x00000000bff00000, 0x00000000bff00000|100%| E|CS|TAMS 0x00000000bfe00000, 0x00000000bfe00000| Complete 
|1023|0x00000000bff00000, 0x00000000c0000000, 0x00000000c0000000|100%| E|CS|TAMS 0x00000000bff00000, 0x00000000bff00000| Complete 
|1024|0x00000000c0000000, 0x00000000c0100000, 0x00000000c0100000|100%| E|CS|TAMS 0x00000000c0000000, 0x00000000c0000000| Complete 
|1025|0x00000000c0100000, 0x00000000c0200000, 0x00000000c0200000|100%| E|CS|TAMS 0x00000000c0100000, 0x00000000c0100000| Complete 
|1026|0x00000000c0200000, 0x00000000c0300000, 0x00000000c0300000|100%| E|CS|TAMS 0x00000000c0200000, 0x00000000c0200000| Complete 
|1027|0x00000000c0300000, 0x00000000c0400000, 0x00000000c0400000|100%| E|CS|TAMS 0x00000000c0300000, 0x00000000c0300000| Complete 
|1028|0x00000000c0400000, 0x00000000c0500000, 0x00000000c0500000|100%| E|CS|TAMS 0x00000000c0400000, 0x00000000c0400000| Complete 
|1029|0x00000000c0500000, 0x00000000c0600000, 0x00000000c0600000|100%| E|CS|TAMS 0x00000000c0500000, 0x00000000c0500000| Complete 
|1030|0x00000000c0600000, 0x00000000c0700000, 0x00000000c0700000|100%| E|CS|TAMS 0x00000000c0600000, 0x00000000c0600000| Complete 
|1031|0x00000000c0700000, 0x00000000c0800000, 0x00000000c0800000|100%| E|CS|TAMS 0x00000000c0700000, 0x00000000c0700000| Complete 
|1032|0x00000000c0800000, 0x00000000c0900000, 0x00000000c0900000|100%| E|CS|TAMS 0x00000000c0800000, 0x00000000c0800000| Complete 
|1033|0x00000000c0900000, 0x00000000c0a00000, 0x00000000c0a00000|100%| E|CS|TAMS 0x00000000c0900000, 0x00000000c0900000| Complete 
|1034|0x00000000c0a00000, 0x00000000c0b00000, 0x00000000c0b00000|100%| E|CS|TAMS 0x00000000c0a00000, 0x00000000c0a00000| Complete 
|1035|0x00000000c0b00000, 0x00000000c0c00000, 0x00000000c0c00000|100%| E|CS|TAMS 0x00000000c0b00000, 0x00000000c0b00000| Complete 
|1036|0x00000000c0c00000, 0x00000000c0d00000, 0x00000000c0d00000|100%| E|CS|TAMS 0x00000000c0c00000, 0x00000000c0c00000| Complete 
|1037|0x00000000c0d00000, 0x00000000c0e00000, 0x00000000c0e00000|100%| E|CS|TAMS 0x00000000c0d00000, 0x00000000c0d00000| Complete 
|1038|0x00000000c0e00000, 0x00000000c0f00000, 0x00000000c0f00000|100%| E|CS|TAMS 0x00000000c0e00000, 0x00000000c0e00000| Complete 
|1039|0x00000000c0f00000, 0x00000000c1000000, 0x00000000c1000000|100%| E|CS|TAMS 0x00000000c0f00000, 0x00000000c0f00000| Complete 
|1040|0x00000000c1000000, 0x00000000c1100000, 0x00000000c1100000|100%| E|CS|TAMS 0x00000000c1000000, 0x00000000c1000000| Complete 
|1041|0x00000000c1100000, 0x00000000c1200000, 0x00000000c1200000|100%| E|CS|TAMS 0x00000000c1100000, 0x00000000c1100000| Complete 
|1042|0x00000000c1200000, 0x00000000c1300000, 0x00000000c1300000|100%| E|CS|TAMS 0x00000000c1200000, 0x00000000c1200000| Complete 
|1043|0x00000000c1300000, 0x00000000c1400000, 0x00000000c1400000|100%| E|CS|TAMS 0x00000000c1300000, 0x00000000c1300000| Complete 
|1044|0x00000000c1400000, 0x00000000c1500000, 0x00000000c1500000|100%| E|CS|TAMS 0x00000000c1400000, 0x00000000c1400000| Complete 
|1045|0x00000000c1500000, 0x00000000c1600000, 0x00000000c1600000|100%| E|CS|TAMS 0x00000000c1500000, 0x00000000c1500000| Complete 
|1046|0x00000000c1600000, 0x00000000c1700000, 0x00000000c1700000|100%| E|CS|TAMS 0x00000000c1600000, 0x00000000c1600000| Complete 
|1047|0x00000000c1700000, 0x00000000c1800000, 0x00000000c1800000|100%| E|CS|TAMS 0x00000000c1700000, 0x00000000c1700000| Complete 
|1048|0x00000000c1800000, 0x00000000c1900000, 0x00000000c1900000|100%| E|CS|TAMS 0x00000000c1800000, 0x00000000c1800000| Complete 
|1049|0x00000000c1900000, 0x00000000c1a00000, 0x00000000c1a00000|100%| E|CS|TAMS 0x00000000c1900000, 0x00000000c1900000| Complete 
|1050|0x00000000c1a00000, 0x00000000c1a68a00, 0x00000000c1b00000| 40%| S|CS|TAMS 0x00000000c1a00000, 0x00000000c1a00000| Complete 
|1051|0x00000000c1b00000, 0x00000000c1c00000, 0x00000000c1c00000|100%| S|CS|TAMS 0x00000000c1b00000, 0x00000000c1b00000| Complete 
|1052|0x00000000c1c00000, 0x00000000c1d00000, 0x00000000c1d00000|100%| S|CS|TAMS 0x00000000c1c00000, 0x00000000c1c00000| Complete 
|1053|0x00000000c1d00000, 0x00000000c1e00000, 0x00000000c1e00000|100%| S|CS|TAMS 0x00000000c1d00000, 0x00000000c1d00000| Complete 
|1054|0x00000000c1e00000, 0x00000000c1f00000, 0x00000000c1f00000|100%| S|CS|TAMS 0x00000000c1e00000, 0x00000000c1e00000| Complete 
|1055|0x00000000c1f00000, 0x00000000c2000000, 0x00000000c2000000|100%| E|CS|TAMS 0x00000000c1f00000, 0x00000000c1f00000| Complete 
|1056|0x00000000c2000000, 0x00000000c2100000, 0x00000000c2100000|100%| E|CS|TAMS 0x00000000c2000000, 0x00000000c2000000| Complete 
|1057|0x00000000c2100000, 0x00000000c2200000, 0x00000000c2200000|100%| E|CS|TAMS 0x00000000c2100000, 0x00000000c2100000| Complete 
|1058|0x00000000c2200000, 0x00000000c2300000, 0x00000000c2300000|100%| E|CS|TAMS 0x00000000c2200000, 0x00000000c2200000| Complete 
|1059|0x00000000c2300000, 0x00000000c2400000, 0x00000000c2400000|100%| E|CS|TAMS 0x00000000c2300000, 0x00000000c2300000| Complete 
|1060|0x00000000c2400000, 0x00000000c2500000, 0x00000000c2500000|100%| E|CS|TAMS 0x00000000c2400000, 0x00000000c2400000| Complete 
|1061|0x00000000c2500000, 0x00000000c2600000, 0x00000000c2600000|100%| E|CS|TAMS 0x00000000c2500000, 0x00000000c2500000| Complete 
|1062|0x00000000c2600000, 0x00000000c2700000, 0x00000000c2700000|100%| E|CS|TAMS 0x00000000c2600000, 0x00000000c2600000| Complete 
|1063|0x00000000c2700000, 0x00000000c2800000, 0x00000000c2800000|100%| E|CS|TAMS 0x00000000c2700000, 0x00000000c2700000| Complete 
|1064|0x00000000c2800000, 0x00000000c2900000, 0x00000000c2900000|100%| E|CS|TAMS 0x00000000c2800000, 0x00000000c2800000| Complete 
|1089|0x00000000c4100000, 0x00000000c4200000, 0x00000000c4200000|100%| E|CS|TAMS 0x00000000c4100000, 0x00000000c4100000| Complete 
|1090|0x00000000c4200000, 0x00000000c4300000, 0x00000000c4300000|100%| E|CS|TAMS 0x00000000c4200000, 0x00000000c4200000| Complete 
|1091|0x00000000c4300000, 0x00000000c4400000, 0x00000000c4400000|100%| E|CS|TAMS 0x00000000c4300000, 0x00000000c4300000| Complete 
|1092|0x00000000c4400000, 0x00000000c4500000, 0x00000000c4500000|100%| E|CS|TAMS 0x00000000c4400000, 0x00000000c4400000| Complete 
|1093|0x00000000c4500000, 0x00000000c4600000, 0x00000000c4600000|100%| E|CS|TAMS 0x00000000c4500000, 0x00000000c4500000| Complete 
|1094|0x00000000c4600000, 0x00000000c4700000, 0x00000000c4700000|100%| E|CS|TAMS 0x00000000c4600000, 0x00000000c4600000| Complete 
|1095|0x00000000c4700000, 0x00000000c4800000, 0x00000000c4800000|100%| E|CS|TAMS 0x00000000c4700000, 0x00000000c4700000| Complete 
|1145|0x00000000c7900000, 0x00000000c7a00000, 0x00000000c7a00000|100%| E|CS|TAMS 0x00000000c7900000, 0x00000000c7900000| Complete 
|1146|0x00000000c7a00000, 0x00000000c7b00000, 0x00000000c7b00000|100%| E|CS|TAMS 0x00000000c7a00000, 0x00000000c7a00000| Complete 
|1147|0x00000000c7b00000, 0x00000000c7c00000, 0x00000000c7c00000|100%| E|CS|TAMS 0x00000000c7b00000, 0x00000000c7b00000| Complete 
|1148|0x00000000c7c00000, 0x00000000c7d00000, 0x00000000c7d00000|100%| E|CS|TAMS 0x00000000c7c00000, 0x00000000c7c00000| Complete 
|1149|0x00000000c7d00000, 0x00000000c7e00000, 0x00000000c7e00000|100%| E|CS|TAMS 0x00000000c7d00000, 0x00000000c7d00000| Complete 
|1150|0x00000000c7e00000, 0x00000000c7f00000, 0x00000000c7f00000|100%| E|CS|TAMS 0x00000000c7e00000, 0x00000000c7e00000| Complete 
|1930|0x00000000f8a00000, 0x00000000f8b00000, 0x00000000f8b00000|100%| E|CS|TAMS 0x00000000f8a00000, 0x00000000f8a00000| Complete 
|1931|0x00000000f8b00000, 0x00000000f8c00000, 0x00000000f8c00000|100%| E|CS|TAMS 0x00000000f8b00000, 0x00000000f8b00000| Complete 
|1932|0x00000000f8c00000, 0x00000000f8d00000, 0x00000000f8d00000|100%| E|CS|TAMS 0x00000000f8c00000, 0x00000000f8c00000| Complete 
|1933|0x00000000f8d00000, 0x00000000f8e00000, 0x00000000f8e00000|100%| E|CS|TAMS 0x00000000f8d00000, 0x00000000f8d00000| Complete 
|1934|0x00000000f8e00000, 0x00000000f8f00000, 0x00000000f8f00000|100%| E|CS|TAMS 0x00000000f8e00000, 0x00000000f8e00000| Complete 
|1935|0x00000000f8f00000, 0x00000000f9000000, 0x00000000f9000000|100%| E|CS|TAMS 0x00000000f8f00000, 0x00000000f8f00000| Complete 
|1936|0x00000000f9000000, 0x00000000f9100000, 0x00000000f9100000|100%| E|CS|TAMS 0x00000000f9000000, 0x00000000f9000000| Complete 
|1937|0x00000000f9100000, 0x00000000f9200000, 0x00000000f9200000|100%| E|CS|TAMS 0x00000000f9100000, 0x00000000f9100000| Complete 
|2047|0x00000000fff00000, 0x0000000100000000, 0x0000000100000000|100%| E|CS|TAMS 0x00000000fff00000, 0x00000000fff00000| Complete 

Card table byte_map: [0x000001e8f3bb0000,0x000001e8f3fb0000] _byte_map_base: 0x000001e8f37b0000

Marking Bits (Prev, Next): (CMBitMap*) 0x000001e8e88dacb0, (CMBitMap*) 0x000001e8e88dac70
 Prev Bits: [0x000001e8f63b0000, 0x000001e8f83b0000)
 Next Bits: [0x000001e8f43b0000, 0x000001e8f63b0000)

Polling page: 0x000001e8e8ab0000

Metaspace:

Usage:
  Non-class:    290.13 MB used.
      Class:     41.63 MB used.
       Both:    331.76 MB used.

Virtual space:
  Non-class space:      320.00 MB reserved,     291.19 MB ( 91%) committed,  5 nodes.
      Class space:        1.00 GB reserved,      42.69 MB (  4%) committed,  1 nodes.
             Both:        1.31 GB reserved,     333.88 MB ( 25%) committed. 

Chunk freelists:
   Non-Class:  12.64 MB
       Class:  5.18 MB
        Both:  17.82 MB

MaxMetaspaceSize: unlimited
CompressedClassSpaceSize: 1.00 GB
Initial GC threshold: 21.00 MB
Current GC threshold: 548.88 MB
CDS: on
MetaspaceReclaimPolicy: balanced
 - commit_granule_bytes: 65536.
 - commit_granule_words: 8192.
 - virtual_space_node_default_size: 8388608.
 - enlarge_chunks_in_place: 1.
 - new_chunks_are_fully_committed: 0.
 - uncommit_free_chunks: 1.
 - use_allocation_guard: 0.
 - handle_deallocations: 1.


Internal statistics:

num_allocs_failed_limit: 9.
num_arena_births: 5210.
num_arena_deaths: 1384.
num_vsnodes_births: 6.
num_vsnodes_deaths: 0.
num_space_committed: 6006.
num_space_uncommitted: 669.
num_chunks_returned_to_freelist: 5019.
num_chunks_taken_from_freelist: 23483.
num_chunk_merges: 1441.
num_chunk_splits: 14994.
num_chunks_enlarged: 9936.
num_inconsistent_stats: 0.

CodeHeap 'non-profiled nmethods': size=118848Kb used=73908Kb max_used=73908Kb free=44939Kb
 bounds [0x000001e887bf0000, 0x000001e88c420000, 0x000001e88f000000]
CodeHeap 'profiled nmethods': size=118848Kb used=106751Kb max_used=116461Kb free=12097Kb
 bounds [0x000001e880000000, 0x000001e887360000, 0x000001e887410000]
CodeHeap 'non-nmethods': size=8064Kb used=2790Kb max_used=5190Kb free=5273Kb
 bounds [0x000001e887410000, 0x000001e887930000, 0x000001e887bf0000]
 total_blobs=57905 nmethods=56527 adapters=1284
 compilation: enabled
              stopped_count=0, restarted_count=0
 full_count=0

Compilation events (20 events):
Event: 4389.632 Thread 0x000001e8fb05ef50 nmethod 94885 0x000001e88c3fbc90 code [0x000001e88c3fbe80, 0x000001e88c3fc8b8]
Event: 4389.636 Thread 0x000001e8e61f7b30 94890       4       org.gradle.api.internal.artifacts.ivyservice.resolveengine.artifact.ResolvedArtifactsGraphVisitor::visitNode (11 bytes)
Event: 4389.640 Thread 0x000001e8e61f7b30 nmethod 94890 0x000001e88c3fd110 code [0x000001e88c3fd2c0, 0x000001e88c3fd678]
Event: 4389.640 Thread 0x000001e8e61f7b30 94891       4       org.gradle.api.tasks.util.PatternSet::nullToEmpty (12 bytes)
Event: 4389.641 Thread 0x000001e8e61f7b30 nmethod 94891 0x000001e88c3fda10 code [0x000001e88c3fdb80, 0x000001e88c3fdbf8]
Event: 4389.647 Thread 0x000001e8fc5f0060 nmethod 94887 0x000001e88c3fdd10 code [0x000001e88c3fdf40, 0x000001e88c3ff2f0]
Event: 4389.671 Thread 0x000001e8fb071fb0 94892       1       org.jetbrains.kotlin.gradle.plugin.AndroidTestedVariantArtifactsFilter::access$getTestedVariantDataIsNotNull$p (5 bytes)
Event: 4389.671 Thread 0x000001e8fb071fb0 nmethod 94892 0x000001e88c3ffe10 code [0x000001e88c3fffa0, 0x000001e88c400058]
Event: 4389.673 Thread 0x000001e8fb071fb0 94893       1       org.jetbrains.kotlin.cli.common.arguments.Freezable::access$getFrozen$p (5 bytes)
Event: 4389.673 Thread 0x000001e8fb071fb0 nmethod 94893 0x000001e88c400110 code [0x000001e88c4002a0, 0x000001e88c400358]
Event: 4389.676 Thread 0x000001e8fc5f0060 94894       4       com.google.common.collect.AbstractListMultimap::wrapCollection (11 bytes)
Event: 4389.678 Thread 0x000001e8fc5f0060 nmethod 94894 0x000001e88c400410 code [0x000001e88c4005a0, 0x000001e88c400858]
Event: 4389.706 Thread 0x000001e8e61f75e0 nmethod 94832 0x000001e88c400990 code [0x000001e88c400f80, 0x000001e88c408be0]
Event: 4389.750 Thread 0x000001e9104a7b80 nmethod 94839 0x000001e88c40dc10 code [0x000001e88c40e2c0, 0x000001e88c416338]
Event: 4392.579 Thread 0x000001e8e61f7b30 94895       4       org.gradle.internal.logging.text.AbstractStyledTextOutput::doStyleChange (1 bytes)
Event: 4392.579 Thread 0x000001e8e61f7b30 nmethod 94895 0x000001e88c41bc10 code [0x000001e88c41bd80, 0x000001e88c41bdf8]
Event: 4393.578 Thread 0x000001e8e61f75e0 94896   !   4       java.nio.charset.CharsetDecoder::decode (275 bytes)
Event: 4393.589 Thread 0x000001e8e61f75e0 nmethod 94896 0x000001e88c41bf10 code [0x000001e88c41c100, 0x000001e88c41c500]
Event: 4394.786 Thread 0x000001e8fb05ef50 94897 %     4       java.io.OutputStream::write @ 11 (34 bytes)
Event: 4395.777 Thread 0x000001e9104a7b80 94898       4       org.gradle.internal.logging.events.RenderableOutputEvent::<init> (15 bytes)

GC Heap History (20 events):
Event: 4015.913 GC heap before
{Heap before GC invocations=357 (full 0):
 garbage-first heap   total 1768448K, used 504485K [0x0000000080000000, 0x0000000100000000)
  region size 1024K, 86 young (88064K), 12 survivors (12288K)
 Metaspace       used 264574K, committed 296064K, reserved 1376256K
  class space    used 33381K, committed 38912K, reserved 1048576K
}
Event: 4015.918 GC heap after
{Heap after GC invocations=358 (full 0):
 garbage-first heap   total 1768448K, used 409568K [0x0000000080000000, 0x0000000100000000)
  region size 1024K, 2 young (2048K), 2 survivors (2048K)
 Metaspace       used 264574K, committed 296064K, reserved 1376256K
  class space    used 33381K, committed 38912K, reserved 1048576K
}
Event: 4016.166 GC heap before
{Heap before GC invocations=358 (full 0):
 garbage-first heap   total 1768448K, used 786400K [0x0000000080000000, 0x0000000100000000)
  region size 1024K, 372 young (380928K), 2 survivors (2048K)
 Metaspace       used 264582K, committed 296064K, reserved 1376256K
  class space    used 33381K, committed 38912K, reserved 1048576K
}
Event: 4016.170 GC heap after
{Heap after GC invocations=359 (full 0):
 garbage-first heap   total 1768448K, used 415454K [0x0000000080000000, 0x0000000100000000)
  region size 1024K, 8 young (8192K), 8 survivors (8192K)
 Metaspace       used 264582K, committed 296064K, reserved 1376256K
  class space    used 33381K, committed 38912K, reserved 1048576K
}
Event: 4018.311 GC heap before
{Heap before GC invocations=360 (full 0):
 garbage-first heap   total 1478656K, used 1449694K [0x0000000080000000, 0x0000000100000000)
  region size 1024K, 925 young (947200K), 8 survivors (8192K)
 Metaspace       used 265863K, committed 296064K, reserved 1376256K
  class space    used 33566K, committed 38912K, reserved 1048576K
}
Event: 4018.326 GC heap after
{Heap after GC invocations=361 (full 0):
 garbage-first heap   total 1478656K, used 441757K [0x0000000080000000, 0x0000000100000000)
  region size 1024K, 24 young (24576K), 24 survivors (24576K)
 Metaspace       used 265863K, committed 296064K, reserved 1376256K
  class space    used 33566K, committed 38912K, reserved 1048576K
}
Event: 4025.346 GC heap before
{Heap before GC invocations=361 (full 0):
 garbage-first heap   total 1478656K, used 496029K [0x0000000080000000, 0x0000000100000000)
  region size 1024K, 72 young (73728K), 24 survivors (24576K)
 Metaspace       used 266289K, committed 296064K, reserved 1376256K
  class space    used 33617K, committed 38912K, reserved 1048576K
}
Event: 4025.360 GC heap after
{Heap after GC invocations=362 (full 0):
 garbage-first heap   total 1478656K, used 369798K [0x0000000080000000, 0x0000000100000000)
  region size 1024K, 5 young (5120K), 5 survivors (5120K)
 Metaspace       used 266289K, committed 296064K, reserved 1376256K
  class space    used 33617K, committed 38912K, reserved 1048576K
}
Event: 4025.364 GC heap before
{Heap before GC invocations=362 (full 0):
 garbage-first heap   total 1478656K, used 369798K [0x0000000080000000, 0x0000000100000000)
  region size 1024K, 6 young (6144K), 5 survivors (5120K)
 Metaspace       used 266341K, committed 296064K, reserved 1376256K
  class space    used 33620K, committed 38912K, reserved 1048576K
}
Event: 4025.366 GC heap after
{Heap after GC invocations=363 (full 0):
 garbage-first heap   total 1478656K, used 365030K [0x0000000080000000, 0x0000000100000000)
  region size 1024K, 2 young (2048K), 2 survivors (2048K)
 Metaspace       used 266341K, committed 296064K, reserved 1376256K
  class space    used 33620K, committed 38912K, reserved 1048576K
}
Event: 4051.054 GC heap before
{Heap before GC invocations=364 (full 0):
 garbage-first heap   total 1187840K, used 1158583K [0x0000000080000000, 0x0000000100000000)
  region size 1024K, 617 young (631808K), 2 survivors (2048K)
 Metaspace       used 267277K, committed 296128K, reserved 1376256K
  class space    used 33750K, committed 38912K, reserved 1048576K
}
Event: 4051.064 GC heap after
{Heap after GC invocations=365 (full 0):
 garbage-first heap   total 1187840K, used 368953K [0x0000000080000000, 0x0000000100000000)
  region size 1024K, 24 young (24576K), 24 survivors (24576K)
 Metaspace       used 267277K, committed 296128K, reserved 1376256K
  class space    used 33750K, committed 38912K, reserved 1048576K
}
Event: 4051.643 GC heap before
{Heap before GC invocations=365 (full 0):
 garbage-first heap   total 1187840K, used 402745K [0x0000000080000000, 0x0000000100000000)
  region size 1024K, 58 young (59392K), 24 survivors (24576K)
 Metaspace       used 267296K, committed 296128K, reserved 1376256K
  class space    used 33752K, committed 38912K, reserved 1048576K
}
Event: 4051.656 GC heap after
{Heap after GC invocations=366 (full 0):
 garbage-first heap   total 1187840K, used 316157K [0x0000000080000000, 0x0000000100000000)
  region size 1024K, 7 young (7168K), 7 survivors (7168K)
 Metaspace       used 267296K, committed 296128K, reserved 1376256K
  class space    used 33752K, committed 38912K, reserved 1048576K
}
Event: 4051.734 GC heap before
{Heap before GC invocations=366 (full 0):
 garbage-first heap   total 1187840K, used 373501K [0x0000000080000000, 0x0000000100000000)
  region size 1024K, 64 young (65536K), 7 survivors (7168K)
 Metaspace       used 267431K, committed 296128K, reserved 1376256K
  class space    used 33757K, committed 38912K, reserved 1048576K
}
Event: 4051.736 GC heap after
{Heap after GC invocations=367 (full 0):
 garbage-first heap   total 1187840K, used 315653K [0x0000000080000000, 0x0000000100000000)
  region size 1024K, 7 young (7168K), 7 survivors (7168K)
 Metaspace       used 267431K, committed 296128K, reserved 1376256K
  class space    used 33757K, committed 38912K, reserved 1048576K
}
Event: 4084.787 GC heap before
{Heap before GC invocations=368 (full 0):
 garbage-first heap   total 1113088K, used 1045765K [0x0000000080000000, 0x0000000100000000)
  region size 1024K, 688 young (704512K), 7 survivors (7168K)
 Metaspace       used 338345K, committed 340096K, reserved 1376256K
  class space    used 42402K, committed 43264K, reserved 1048576K
}
Event: 4084.833 GC heap after
{Heap after GC invocations=369 (full 0):
 garbage-first heap   total 1113088K, used 332942K [0x0000000080000000, 0x0000000100000000)
  region size 1024K, 22 young (22528K), 22 survivors (22528K)
 Metaspace       used 338345K, committed 340096K, reserved 1376256K
  class space    used 42402K, committed 43264K, reserved 1048576K
}
Event: 4326.919 GC heap before
{Heap before GC invocations=369 (full 0):
 garbage-first heap   total 1113088K, used 364686K [0x0000000080000000, 0x0000000100000000)
  region size 1024K, 54 young (55296K), 22 survivors (22528K)
 Metaspace       used 338371K, committed 340160K, reserved 1376256K
  class space    used 42402K, committed 43264K, reserved 1048576K
}
Event: 4326.936 GC heap after
{Heap after GC invocations=370 (full 0):
 garbage-first heap   total 1113088K, used 309183K [0x0000000080000000, 0x0000000100000000)
  region size 1024K, 5 young (5120K), 5 survivors (5120K)
 Metaspace       used 338371K, committed 340160K, reserved 1376256K
  class space    used 42402K, committed 43264K, reserved 1048576K
}

Deoptimization events (20 events):
Event: 4389.651 Thread 0x000001e8dd7e6060 Uncommon trap: trap_request=0xffffffc6 fr.pc=0x000001e8888e0c00 relative=0x0000000000000820
Event: 4389.651 Thread 0x000001e8dd7e6060 Uncommon trap: reason=bimorphic_or_optimized_type_check action=maybe_recompile pc=0x000001e8888e0c00 method=com.google.common.collect.AbstractMapBasedMultimap$KeySet.iterator()Ljava/util/Iterator; @ 4 c2
Event: 4389.651 Thread 0x000001e8dd7e6060 DEOPT PACKING pc=0x000001e8888e0c00 sp=0x0000004554afaa40
Event: 4389.651 Thread 0x000001e8dd7e6060 DEOPT UNPACKING pc=0x000001e8874623a3 sp=0x0000004554afaa00 mode 2
Event: 4389.651 Thread 0x000001e8dd7e6060 Uncommon trap: trap_request=0xffffffc6 fr.pc=0x000001e8888b9ea8 relative=0x0000000000000088
Event: 4389.651 Thread 0x000001e8dd7e6060 Uncommon trap: reason=bimorphic_or_optimized_type_check action=maybe_recompile pc=0x000001e8888b9ea8 method=com.google.common.collect.AbstractMapBasedMultimap$KeySet$1.hasNext()Z @ 4 c2
Event: 4389.651 Thread 0x000001e8dd7e6060 DEOPT PACKING pc=0x000001e8888b9ea8 sp=0x0000004554afaa80
Event: 4389.651 Thread 0x000001e8dd7e6060 DEOPT UNPACKING pc=0x000001e8874623a3 sp=0x0000004554afaa08 mode 2
Event: 4389.676 Thread 0x000001e8dd7e6060 Uncommon trap: trap_request=0xffffffc6 fr.pc=0x000001e88c2f0348 relative=0x0000000000000308
Event: 4389.676 Thread 0x000001e8dd7e6060 Uncommon trap: reason=bimorphic_or_optimized_type_check action=maybe_recompile pc=0x000001e88c2f0348 method=com.google.common.collect.ImmutableMapEntrySet.contains(Ljava/lang/Object;)Z @ 17 c2
Event: 4389.676 Thread 0x000001e8dd7e6060 DEOPT PACKING pc=0x000001e88c2f0348 sp=0x0000004554afa7b0
Event: 4389.676 Thread 0x000001e8dd7e6060 DEOPT UNPACKING pc=0x000001e8874623a3 sp=0x0000004554afa748 mode 2
Event: 4389.695 Thread 0x000001e8dd7e6f90 Uncommon trap: trap_request=0xffffffc6 fr.pc=0x000001e88a088358 relative=0x0000000000000cf8
Event: 4389.695 Thread 0x000001e8dd7e6f90 Uncommon trap: reason=bimorphic_or_optimized_type_check action=maybe_recompile pc=0x000001e88a088358 method=org.gradle.internal.deprecation.DeprecationLogger.nagUserWith(Lorg/gradle/internal/deprecation/DeprecationMessageBuilder;Ljava/lang/Class;)V @ 7 c2
Event: 4389.695 Thread 0x000001e8dd7e6f90 DEOPT PACKING pc=0x000001e88a088358 sp=0x00000045546faf50
Event: 4389.695 Thread 0x000001e8dd7e6f90 DEOPT UNPACKING pc=0x000001e8874623a3 sp=0x00000045546fae98 mode 2
Event: 4389.699 Thread 0x000001e8d6fd0f10 Uncommon trap: trap_request=0xffffffde fr.pc=0x000001e88a038a84 relative=0x0000000000000064
Event: 4389.699 Thread 0x000001e8d6fd0f10 Uncommon trap: reason=class_check action=maybe_recompile pc=0x000001e88a038a84 method=java.lang.invoke.LambdaForm$MH/0x000001e891284800.linkToTargetMethod(Ljava/lang/Object;ILjava/lang/Object;Ljava/lang/Object;Ljava/lang/Object;)Ljava/lang/Object; @ 2 c2
Event: 4389.699 Thread 0x000001e8d6fd0f10 DEOPT PACKING pc=0x000001e88a038a84 sp=0x00000045633fd050
Event: 4389.699 Thread 0x000001e8d6fd0f10 DEOPT UNPACKING pc=0x000001e8874623a3 sp=0x00000045633fcfd8 mode 2

Classes unloaded (20 events):
Event: 4051.765 Thread 0x000001e8fb03ff50 Unloading class 0x000001e8929c8dc8 'jdk/internal/jimage/BasicImageReader$2'
Event: 4051.765 Thread 0x000001e8fb03ff50 Unloading class 0x000001e8929c8b98 'jdk/internal/jimage/BasicImageReader$1'
Event: 4051.765 Thread 0x000001e8fb03ff50 Unloading class 0x000001e8929c8930 'jdk/internal/jimage/ImageReader$Resource'
Event: 4051.765 Thread 0x000001e8fb03ff50 Unloading class 0x000001e8929c86c8 'jdk/internal/jimage/ImageReader$LinkNode'
Event: 4051.765 Thread 0x000001e8fb03ff50 Unloading class 0x000001e8929c8460 'jdk/internal/jimage/ImageReader$Directory'
Event: 4051.765 Thread 0x000001e8fb03ff50 Unloading class 0x000001e8929c81f8 'jdk/internal/jimage/ImageReader$Node'
Event: 4051.765 Thread 0x000001e8fb03ff50 Unloading class 0x000001e8929c8000 'jdk/internal/jimage/ImageStrings'
Event: 4051.765 Thread 0x000001e8fb03ff50 Unloading class 0x000001e8929cab70 'jdk/internal/jimage/ImageReader$SharedImageReader'
Event: 4051.765 Thread 0x000001e8fb03ff50 Unloading class 0x000001e8929ca8b0 'jdk/internal/jimage/BasicImageReader'
Event: 4051.765 Thread 0x000001e8fb03ff50 Unloading class 0x000001e8929ca690 'jdk/internal/jimage/ImageReader'
Event: 4051.765 Thread 0x000001e8fb03ff50 Unloading class 0x000001e8929ca468 'jdk/internal/jrtfs/SystemImage$2'
Event: 4051.765 Thread 0x000001e8fb03ff50 Unloading class 0x000001e891990dd8 'jdk/internal/jrtfs/SystemImage$$Lambda$10160+0x000001e891990dd8'
Event: 4051.765 Thread 0x000001e8fb03ff50 Unloading class 0x000001e8929ca238 'jdk/internal/jrtfs/ExplodedImage'
Event: 4051.765 Thread 0x000001e8fb03ff50 Unloading class 0x000001e8929ca000 'jdk/internal/jrtfs/SystemImage$1'
Event: 4051.765 Thread 0x000001e8fb03ff50 Unloading class 0x000001e891999dd8 'jdk/internal/jrtfs/SystemImage'
Event: 4051.765 Thread 0x000001e8fb03ff50 Unloading class 0x000001e891990b78 'jdk/internal/jrtfs/JrtFileStore'
Event: 4051.765 Thread 0x000001e8fb03ff50 Unloading class 0x000001e891990800 'jdk/internal/jrtfs/JrtPath'
Event: 4051.765 Thread 0x000001e8fb03ff50 Unloading class 0x000001e891999ae0 'jdk/internal/jrtfs/JrtFileSystem'
Event: 4051.765 Thread 0x000001e8fb03ff50 Unloading class 0x000001e891999800 'jdk/internal/jrtfs/JrtFileSystemProvider'
Event: 4051.765 Thread 0x000001e8fb03ff50 Unloading class 0x000001e891881800 'jdk/internal/reflect/GeneratedSerializationConstructorAccessor97'

Classes redefined (0 events):
No events

Internal exceptions (20 events):
Event: 4388.866 Thread 0x000001e8ffdc7df0 Exception <a 'sun/nio/fs/WindowsException'{0x00000000b5b0d0e8}> (0x00000000b5b0d0e8) 
thrown [s\open\src\hotspot\share\prims\jni.cpp, line 516]
Event: 4388.987 Thread 0x000001e915d8ef20 Exception <a 'sun/nio/fs/WindowsException'{0x00000000b290ac40}> (0x00000000b290ac40) 
thrown [s\open\src\hotspot\share\prims\jni.cpp, line 516]
Event: 4388.987 Thread 0x000001e915d8ef20 Exception <a 'sun/nio/fs/WindowsException'{0x00000000b290cb70}> (0x00000000b290cb70) 
thrown [s\open\src\hotspot\share\prims\jni.cpp, line 516]
Event: 4388.987 Thread 0x000001e915d8ef20 Exception <a 'sun/nio/fs/WindowsException'{0x00000000b290e9e0}> (0x00000000b290e9e0) 
thrown [s\open\src\hotspot\share\prims\jni.cpp, line 516]
Event: 4388.987 Thread 0x000001e915d8ef20 Exception <a 'sun/nio/fs/WindowsException'{0x00000000b2910548}> (0x00000000b2910548) 
thrown [s\open\src\hotspot\share\prims\jni.cpp, line 516]
Event: 4388.988 Thread 0x000001e915d8ef20 Exception <a 'sun/nio/fs/WindowsException'{0x00000000b29325a8}> (0x00000000b29325a8) 
thrown [s\open\src\hotspot\share\prims\jni.cpp, line 516]
Event: 4388.988 Thread 0x000001e915d8ef20 Exception <a 'sun/nio/fs/WindowsException'{0x00000000b2934718}> (0x00000000b2934718) 
thrown [s\open\src\hotspot\share\prims\jni.cpp, line 516]
Event: 4388.988 Thread 0x000001e915d8ef20 Exception <a 'sun/nio/fs/WindowsException'{0x00000000b29362a8}> (0x00000000b29362a8) 
thrown [s\open\src\hotspot\share\prims\jni.cpp, line 516]
Event: 4389.122 Thread 0x000001e8ffdc7df0 Exception <a 'sun/nio/fs/WindowsException'{0x00000000ae3dd8a8}> (0x00000000ae3dd8a8) 
thrown [s\open\src\hotspot\share\prims\jni.cpp, line 516]
Event: 4389.482 Thread 0x000001e8ffdc7df0 Exception <a 'java/lang/NoClassDefFoundError'{0x00000000ab786808}: org/jetbrains/kotlin/gradle/plugin/KotlinBasePluginWrapper> (0x00000000ab786808) 
thrown [s\open\src\hotspot\share\oops\constantPool.cpp, line 837]
Event: 4389.510 Thread 0x000001e8ffdc7df0 Exception <a 'sun/nio/fs/WindowsException'{0x00000000aac1df90}> (0x00000000aac1df90) 
thrown [s\open\src\hotspot\share\prims\jni.cpp, line 516]
Event: 4389.515 Thread 0x000001e8ffdc7df0 Exception <a 'sun/nio/fs/WindowsException'{0x00000000aacb2898}> (0x00000000aacb2898) 
thrown [s\open\src\hotspot\share\prims\jni.cpp, line 516]
Event: 4389.515 Thread 0x000001e8ffdc7df0 Exception <a 'sun/nio/fs/WindowsException'{0x00000000aacb3d60}> (0x00000000aacb3d60) 
thrown [s\open\src\hotspot\share\prims\jni.cpp, line 516]
Event: 4389.515 Thread 0x000001e8ffdc7df0 Exception <a 'sun/nio/fs/WindowsException'{0x00000000aacb5278}> (0x00000000aacb5278) 
thrown [s\open\src\hotspot\share\prims\jni.cpp, line 516]
Event: 4389.515 Thread 0x000001e8ffdc7df0 Exception <a 'sun/nio/fs/WindowsException'{0x00000000aacb6790}> (0x00000000aacb6790) 
thrown [s\open\src\hotspot\share\prims\jni.cpp, line 516]
Event: 4389.548 Thread 0x000001e8dd7e7ec0 Implicit null exception at 0x000001e88c388a76 to 0x000001e88c389410
Event: 4389.689 Thread 0x000001e8dd7e6060 Exception <a 'java/lang/reflect/InvocationTargetException'{0x00000000a8dc0480}> (0x00000000a8dc0480) 
thrown [s\open\src\hotspot\share\runtime\reflection.cpp, line 1121]
Event: 4389.691 Thread 0x000001e8dd7e6060 Exception <a 'java/lang/NoSuchMethodError'{0x00000000a8dea298}: static Lorg/jetbrains/kotlin/incremental/ChangedFiles$Known;.<clinit>()V> (0x00000000a8dea298) 
thrown [s\open\src\hotspot\share\prims\jni.cpp, line 1112]
Event: 4389.691 Thread 0x000001e8dd7e6060 Exception <a 'java/lang/NoSuchMethodError'{0x00000000a8c08448}: static Lorg/jetbrains/kotlin/build/report/metrics/BuildMetricsReporterImpl;.<clinit>()V> (0x00000000a8c08448) 
thrown [s\open\src\hotspot\share\prims\jni.cpp, line 1112]
Event: 4389.702 Thread 0x000001e8d834c120 Exception <a 'java/lang/InterruptedException'{0x00000000a8cd42d0}> (0x00000000a8cd42d0) 
thrown [s\open\src\hotspot\share\runtime\objectMonitor.cpp, line 1671]

VM Operations (20 events):
Event: 4149.301 Executing VM operation: HandshakeAllThreads
Event: 4149.301 Executing VM operation: HandshakeAllThreads done
Event: 4291.813 Executing VM operation: Cleanup
Event: 4291.814 Executing VM operation: Cleanup done
Event: 4326.919 Executing VM operation: G1CollectForAllocation
Event: 4326.936 Executing VM operation: G1CollectForAllocation done
Event: 4327.053 Executing VM operation: HandshakeAllThreads
Event: 4327.053 Executing VM operation: HandshakeAllThreads done
Event: 4328.055 Executing VM operation: Cleanup
Event: 4328.055 Executing VM operation: Cleanup done
Event: 4370.512 Executing VM operation: Cleanup
Event: 4370.512 Executing VM operation: Cleanup done
Event: 4380.591 Executing VM operation: Cleanup
Event: 4380.591 Executing VM operation: Cleanup done
Event: 4389.671 Executing VM operation: Cleanup
Event: 4389.672 Executing VM operation: Cleanup done
Event: 4389.826 Executing VM operation: HandshakeAllThreads
Event: 4389.826 Executing VM operation: HandshakeAllThreads done
Event: 4390.826 Executing VM operation: Cleanup
Event: 4390.827 Executing VM operation: Cleanup done

Events (20 events):
Event: 4389.583 Thread 0x000001e914e07740 Thread added: 0x000001e914e07740
Event: 4389.615 Thread 0x000001e8de93b350 Thread added: 0x000001e8de93b350
Event: 4389.632 Thread 0x000001e8de93b860 Thread added: 0x000001e8de93b860
Event: 4389.633 Thread 0x000001e8de9394f0 Thread added: 0x000001e8de9394f0
Event: 4389.633 Thread 0x000001e8de93a420 Thread added: 0x000001e8de93a420
Event: 4389.633 Thread 0x000001e8de93a930 Thread added: 0x000001e8de93a930
Event: 4389.633 Thread 0x000001e8de93ae40 Thread added: 0x000001e8de93ae40
Event: 4389.633 Thread 0x000001e8de938ad0 Thread added: 0x000001e8de938ad0
Event: 4389.633 Thread 0x000001e8de938fe0 Thread added: 0x000001e8de938fe0
Event: 4389.633 Thread 0x000001e8de93bd70 Thread added: 0x000001e8de93bd70
Event: 4389.633 Thread 0x000001e8de9385c0 Thread added: 0x000001e8de9385c0
Event: 4389.634 Thread 0x000001e8de939a00 Thread added: 0x000001e8de939a00
Event: 4389.636 Thread 0x000001e8dd3694b0 Thread added: 0x000001e8dd3694b0
Event: 4389.692 Thread 0x000001e8d6fd0f10 Thread added: 0x000001e8d6fd0f10
Event: 4389.699 Thread 0x000001e8d834c120 Thread added: 0x000001e8d834c120
Event: 4389.699 Thread 0x000001e8d834b700 Thread added: 0x000001e8d834b700
Event: 4389.742 Thread 0x000001e8d834ace0 Thread added: 0x000001e8d834ace0
Event: 4392.579 Thread 0x000001e8fc5f0060 Thread exited: 0x000001e8fc5f0060
Event: 4393.578 Thread 0x000001e8e61f7b30 Thread exited: 0x000001e8e61f7b30
Event: 4394.786 Thread 0x000001e8e61f75e0 Thread exited: 0x000001e8e61f75e0


Dynamic libraries:
0x00007ff6ef660000 - 0x00007ff6ef670000 	D:\Languages\Java\jdk-17.0.12\bin\java.exe
0x00007fff205c0000 - 0x00007fff20826000 	C:\Windows\SYSTEM32\ntdll.dll
0x00007fff1f460000 - 0x00007fff1f529000 	C:\Windows\System32\KERNEL32.DLL
0x00007fff1d860000 - 0x00007fff1dc5f000 	C:\Windows\System32\KERNELBASE.dll
0x00007fff1e190000 - 0x00007fff1e2dc000 	C:\Windows\System32\ucrtbase.dll
0x00007fff17c40000 - 0x00007fff17c59000 	D:\Languages\Java\jdk-17.0.12\bin\jli.dll
0x00007fff1fad0000 - 0x00007fff1fb8c000 	C:\Windows\System32\ADVAPI32.dll
0x00007fff1e2f0000 - 0x00007fff1e399000 	C:\Windows\System32\msvcrt.dll
0x00007fff20300000 - 0x00007fff203a9000 	C:\Windows\System32\sechost.dll
0x00007fff1f020000 - 0x00007fff1f138000 	C:\Windows\System32\RPCRT4.dll
0x00007fff203b0000 - 0x00007fff20576000 	C:\Windows\System32\USER32.dll
0x00007fff1df70000 - 0x00007fff1df97000 	C:\Windows\System32\win32u.dll
0x00007fff1f540000 - 0x00007fff1f56b000 	C:\Windows\System32\GDI32.dll
0x00007fff1dfa0000 - 0x00007fff1e0c9000 	C:\Windows\System32\gdi32full.dll
0x00007fff1dd30000 - 0x00007fff1ddd3000 	C:\Windows\System32\msvcp_win.dll
0x00007fff15ff0000 - 0x00007fff1600b000 	D:\Languages\Java\jdk-17.0.12\bin\VCRUNTIME140.dll
0x00007ffed9d90000 - 0x00007ffeda021000 	C:\Windows\WinSxS\amd64_microsoft.windows.common-controls_6595b64144ccf1df_6.0.26100.8972_none_3e0da176e32f9d4b\COMCTL32.dll
0x00007fff16df0000 - 0x00007fff16dfb000 	C:\Windows\SYSTEM32\VERSION.dll
0x00007fff1fca0000 - 0x00007fff1fcd2000 	C:\Windows\System32\IMM32.DLL
0x00007fff17ce0000 - 0x00007fff17cec000 	D:\Languages\Java\jdk-17.0.12\bin\vcruntime140_1.dll
0x00007fff02290000 - 0x00007fff0231e000 	D:\Languages\Java\jdk-17.0.12\bin\msvcp140.dll
0x00007ffde9b40000 - 0x00007ffdea720000 	D:\Languages\Java\jdk-17.0.12\bin\server\jvm.dll
0x00007fff1fac0000 - 0x00007fff1fac8000 	C:\Windows\System32\PSAPI.DLL
0x00007fff0fad0000 - 0x00007fff0fb06000 	C:\Windows\SYSTEM32\WINMM.dll
0x00007ffef8e90000 - 0x00007ffef8e9a000 	C:\Windows\SYSTEM32\WSOCK32.dll
0x00007fff1fa30000 - 0x00007fff1fab2000 	C:\Windows\System32\WS2_32.dll
0x00007fff1c540000 - 0x00007fff1c55b000 	C:\Windows\SYSTEM32\kernel.appcore.dll
0x00007fff17cb0000 - 0x00007fff17cba000 	D:\Languages\Java\jdk-17.0.12\bin\jimage.dll
0x00007fff1ab30000 - 0x00007fff1ad72000 	C:\Windows\SYSTEM32\DBGHELP.DLL
0x00007fff1fd80000 - 0x00007fff20105000 	C:\Windows\System32\combase.dll
0x00007fff1ef40000 - 0x00007fff1f019000 	C:\Windows\System32\OLEAUT32.dll
0x00007ffef9200000 - 0x00007ffef923b000 	C:\Windows\SYSTEM32\dbgcore.DLL
0x00007fff1e0d0000 - 0x00007fff1e17c000 	C:\Windows\System32\bcryptPrimitives.dll
0x00007fff024c0000 - 0x00007fff024ce000 	D:\Languages\Java\jdk-17.0.12\bin\instrument.dll
0x00007fff02260000 - 0x00007fff02285000 	D:\Languages\Java\jdk-17.0.12\bin\java.dll
0x00007ffef37e0000 - 0x00007ffef38b7000 	D:\Languages\Java\jdk-17.0.12\bin\jsvml.dll
0x00007fff1e7b0000 - 0x00007fff1ef38000 	C:\Windows\System32\SHELL32.dll
0x00007fff1b2e0000 - 0x00007fff1bb7b000 	C:\Windows\SYSTEM32\windows.storage.dll
0x00007fff20200000 - 0x00007fff202f9000 	C:\Windows\System32\SHCORE.dll
0x00007fff1e740000 - 0x00007fff1e7a6000 	C:\Windows\System32\shlwapi.dll
0x00007fff1d6f0000 - 0x00007fff1d719000 	C:\Windows\SYSTEM32\profapi.dll
0x00007fff02200000 - 0x00007fff02218000 	D:\Languages\Java\jdk-17.0.12\bin\zip.dll
0x00007fff02240000 - 0x00007fff02259000 	D:\Languages\Java\jdk-17.0.12\bin\net.dll
0x00007fff15eb0000 - 0x00007fff15fd7000 	C:\Windows\SYSTEM32\WINHTTP.dll
0x00007fff1cb90000 - 0x00007fff1cbfc000 	C:\Windows\system32\mswsock.dll
0x00007fff02220000 - 0x00007fff02236000 	D:\Languages\Java\jdk-17.0.12\bin\nio.dll
0x00007fff14550000 - 0x00007fff14560000 	D:\Languages\Java\jdk-17.0.12\bin\verify.dll
0x00007fff02590000 - 0x00007fff025b7000 	C:\Users\27302\.gradle\native\1def1411415f61bf3af743bc5b6707747c0891f09f0c88961ee8f79bc544acac\windows-amd64\native-platform.dll
0x00007ffef07c0000 - 0x00007ffef0838000 	C:\Users\27302\.gradle\native\0.2.7\x86_64-windows-gnu\gradle-fileevents.dll
0x00007fff143c0000 - 0x00007fff143ca000 	D:\Languages\Java\jdk-17.0.12\bin\management.dll
0x00007fff02500000 - 0x00007fff0250b000 	D:\Languages\Java\jdk-17.0.12\bin\management_ext.dll
0x00007fff1bf20000 - 0x00007fff1bf53000 	C:\Windows\SYSTEM32\IPHLPAPI.DLL
0x00007fff1f530000 - 0x00007fff1f53a000 	C:\Windows\System32\NSI.dll
0x00007fff16110000 - 0x00007fff1612d000 	C:\Windows\SYSTEM32\dhcpcsvc6.DLL
0x00007fff15840000 - 0x00007fff15865000 	C:\Windows\SYSTEM32\dhcpcsvc.DLL
0x00007fff1c010000 - 0x00007fff1c168000 	C:\Windows\SYSTEM32\DNSAPI.dll
0x00007fff1c970000 - 0x00007fff1c97d000 	C:\Windows\SYSTEM32\DSPARSE.dll
0x00007fff1ce80000 - 0x00007fff1ce9b000 	C:\Windows\SYSTEM32\CRYPTSP.dll
0x00007fff1c560000 - 0x00007fff1c599000 	C:\Windows\system32\rsaenh.dll
0x00007fff1cc40000 - 0x00007fff1cc72000 	C:\Windows\SYSTEM32\USERENV.dll
0x00007fff1d6c0000 - 0x00007fff1d6ea000 	C:\Windows\SYSTEM32\bcrypt.dll
0x00007fff1cea0000 - 0x00007fff1ceac000 	C:\Windows\SYSTEM32\CRYPTBASE.dll
0x00007fff02190000 - 0x00007fff0219e000 	D:\Languages\Java\jdk-17.0.12\bin\sunmscapi.dll
0x00007fff1dde0000 - 0x00007fff1df5e000 	C:\Windows\System32\CRYPT32.dll
0x00007fff1d0c0000 - 0x00007fff1d0f0000 	C:\Windows\SYSTEM32\ncrypt.dll
0x00007fff1d070000 - 0x00007fff1d0af000 	C:\Windows\SYSTEM32\NTASN1.dll
0x00007ffefb700000 - 0x00007ffefb708000 	C:\Windows\system32\wshunix.dll
0x000000005afb0000 - 0x000000005afd6000 	C:\Program Files\Bonjour\mdnsNSP.dll
0x00007fff0f410000 - 0x00007fff0f41b000 	C:\Windows\System32\rasadhlp.dll
0x00007fff11e20000 - 0x00007fff11ea6000 	C:\Windows\System32\fwpuclnt.dll
0x00007ffef3450000 - 0x00007ffef3468000 	C:\Windows\system32\napinsp.dll
0x00007ffeefc10000 - 0x00007ffeefc23000 	C:\Windows\System32\winrnr.dll
0x00007ffeefbb0000 - 0x00007ffeefbd2000 	C:\Windows\system32\nlansp_c.dll
0x00007ffef3480000 - 0x00007ffef3496000 	C:\Windows\system32\wshbth.dll
0x00007fff17c80000 - 0x00007fff17c87000 	D:\Languages\Java\jdk-17.0.12\bin\rmi.dll
0x00007fff1c710000 - 0x00007fff1c746000 	C:\Windows\SYSTEM32\ntmarta.dll
0x00007fff143a0000 - 0x00007fff143be000 	C:\Users\27302\AppData\Local\Temp\native-platform4116365706609641549dir\native-platform.dll

dbghelp: loaded successfully - version: 4.0.5 - missing functions: none
symbol engine: initialized successfully - sym options: 0x614 - pdb path: .;D:\Languages\Java\jdk-17.0.12\bin;C:\Windows\SYSTEM32;C:\Windows\WinSxS\amd64_microsoft.windows.common-controls_6595b64144ccf1df_6.0.26100.8972_none_3e0da176e32f9d4b;D:\Languages\Java\jdk-17.0.12\bin\server;C:\Users\27302\.gradle\native\1def1411415f61bf3af743bc5b6707747c0891f09f0c88961ee8f79bc544acac\windows-amd64;C:\Users\27302\.gradle\native\0.2.7\x86_64-windows-gnu;C:\Program Files\Bonjour;C:\Users\27302\AppData\Local\Temp\native-platform4116365706609641549dir

VM Arguments:
jvm_args: --add-opens=java.base/java.lang=ALL-UNNAMED --add-opens=java.base/java.lang.invoke=ALL-UNNAMED --add-opens=java.base/java.util=ALL-UNNAMED --add-opens=java.prefs/java.util.prefs=ALL-UNNAMED --add-exports=jdk.compiler/com.sun.tools.javac.api=ALL-UNNAMED --add-exports=jdk.compiler/com.sun.tools.javac.util=ALL-UNNAMED --add-opens=java.base/java.util=ALL-UNNAMED --add-opens=java.prefs/java.util.prefs=ALL-UNNAMED --add-opens=java.base/java.nio.charset=ALL-UNNAMED --add-opens=java.base/java.net=ALL-UNNAMED --add-opens=java.base/java.util.concurrent.atomic=ALL-UNNAMED --add-opens=java.xml/javax.xml.namespace=ALL-UNNAMED -Xmx2048m -Dfile.encoding=UTF-8 -Duser.country=CN -Duser.language=zh -Duser.variant -javaagent:C:\Users\27302\.gradle\wrapper\dists\gradle-8.14.5-bin\690y85m0j9nfaub7xoiayko8a\gradle-8.14.5\lib\agents\gradle-instrumentation-agent-8.14.5.jar 
java_command: org.gradle.launcher.daemon.bootstrap.GradleDaemon 8.14.5
java_class_path (initial): C:\Users\27302\.gradle\wrapper\dists\gradle-8.14.5-bin\690y85m0j9nfaub7xoiayko8a\gradle-8.14.5\lib\gradle-daemon-main-8.14.5.jar
Launcher Type: SUN_STANDARD

[Global flags]
     intx CICompilerCount                          = 15                                        {product} {ergonomic}
     uint ConcGCThreads                            = 6                                         {product} {ergonomic}
     uint G1ConcRefinementThreads                  = 23                                        {product} {ergonomic}
   size_t G1HeapRegionSize                         = 1048576                                   {product} {ergonomic}
    uintx GCDrainStackTargetSize                   = 64                                        {product} {ergonomic}
   size_t InitialHeapSize                          = 264241152                                 {product} {ergonomic}
   size_t MarkStackSize                            = 4194304                                   {product} {ergonomic}
   size_t MaxHeapSize                              = 2147483648                                {product} {command line}
   size_t MaxNewSize                               = 1287651328                                {product} {ergonomic}
   size_t MinHeapDeltaBytes                        = 1048576                                   {product} {ergonomic}
   size_t MinHeapSize                              = 8388608                                   {product} {ergonomic}
    uintx NonNMethodCodeHeapSize                   = 8192380                                {pd product} {ergonomic}
    uintx NonProfiledCodeHeapSize                  = 121732930                              {pd product} {ergonomic}
    uintx ProfiledCodeHeapSize                     = 121732930                              {pd product} {ergonomic}
    uintx ReservedCodeCacheSize                    = 251658240                              {pd product} {ergonomic}
     bool SegmentedCodeCache                       = true                                      {product} {ergonomic}
   size_t SoftMaxHeapSize                          = 2147483648                             {manageable} {ergonomic}
     bool UseCompressedClassPointers               = true                           {product lp64_product} {ergonomic}
     bool UseCompressedOops                        = true                           {product lp64_product} {ergonomic}
     bool UseG1GC                                  = true                                      {product} {ergonomic}
     bool UseLargePagesIndividualAllocation        = false                                  {pd product} {ergonomic}

Logging:
Log output configuration:
 #0: stdout all=warning uptime,level,tags
 #1: stderr all=off uptime,level,tags

Environment Variables:
JAVA_HOME=D:\Languages\Java\jdk-17.0.12
CLASSPATH=D:\Workspace\RustWork\Test-Wry\gen\android\\gradle\wrapper\gradle-wrapper.jar
PATH=D:\software\VMWare\bin\;D:\software\VMWare\bin\64\Win64;C:\WINDOWS\system32;C:\WINDOWS;C:\WINDOWS\System32\Wbem;C:\WINDOWS\System32\WindowsPowerShell\v1.0\;C:\WINDOWS\System32\OpenSSH\;D:\Languages\Java\jdk-17.0.12\bin;D:\Languages\Java\jdk-17.0.12\jre\bin;D:\Languages\Java\Scala\bin;D:\Languages\Java\Groovy\bin;D:\Languages\uv;D:\Languages\Python;D:\Languages\Python\Scripts;D:\Languages\Go\bin;D:\Languages\cmake\bin;D:\Languages\mingw64\bin;D:\Languages\bun\bin;D:\Languages\Apache24\bin;D:\Languages\php8;D:\Languages\pgsql\bin;D:\Languages\mysql\bin;D:\Languages\mdbook;D:\Languages\flutter\bin;D:\Languages\cangjie\bin;D:\Languages\cangjie\tools\bin;D:\Languages\cangjie\tools\lib;D:\Languages\cangjie\runtime\lib\windows_x86_64_llvm;D:\Compiles\vs\A-SDK\tools;D:\Compiles\vs\A-SDK\emulator;D:\Compiles\vs\A-SDK\platform-tools;C:\masm32;C:\masm32\bin;C:\masm32\include;C:\masm32\lib;D:\Languages\dmd2\windows\bin64;D:\Compiles\Others\Git\cmd;C:\Program Files\dotnet\;D:\Languages\lua\bin;D:\Languages\zig;D:\Languages\Redis;C:\Program Files\NVIDIA Corporation\NVIDIA app\NvDLISR;D:\Languages\clisp;D:\Compiles\Others\微信web开发者工具\dll;D:\software\WorldPainter;D:\Compiles\NotImportant\upx;D:\Compiles\NotImportant\nsis\Bin;C:\Program Files (x86)\gnupg\bin;C:\Program Files (x86)\NVIDIA Corporation\PhysX\Common;D:\Compiles\vs\helix;D:\Languages\Haxe;D:\Languages\Neko;D:\Languages\HashLink;D:\Languages\nvm;D:\Languages\nodejs;D:\Languages\ffmpeg\bin;D:\software\qemu;D:\Languages\FPC\bin\i386-win32;D:\Languages\FOB;D:\Languages\Ruby\msys64\ucrt64\bin;D:\Languages\Moonbit\bin;D:\Windows Kits\10\Windows Performance Toolkit\;D:\Languages\Ruby\bin;D:\Languages\Python\Scripts\;D:\Languages\Python\;D:\Compiles\Others\Delphi\bin;C:\Users\Public\Documents\Embarcadero\Studio\23.0\Bpl;D:\Compiles\Others\Delphi\bin64;C:\Users\Public\Documents\Embarcadero\Studio\23.0\Bpl\Win64;C:\Program Files\Common Files\Oracle\Java\javapath;D:\Compiles\Others\VMWare\bin\;C:\WINDOWS\system32;C:\
USERNAME=xphost
LD_LIBRARY_PATH=C:\Users\27302\.rustup\toolchains\stable-x86_64-pc-windows-msvc\lib
OS=Windows_NT
PROCESSOR_IDENTIFIER=Intel64 Family 6 Model 183 Stepping 1, GenuineIntel



---------------  S Y S T E M  ---------------

OS:
 Windows 11 , 64 bit Build 26100 (10.0.26100.8972)
OS uptime: 2 days 22:50 hours

CPU: total 32 (initial active 32) (16 cores per cpu, 2 threads per core) family 6 model 183 stepping 1 microcode 0x12e, cx8, cmov, fxsr, ht, mmx, 3dnowpref, sse, sse2, sse3, ssse3, sse4.1, sse4.2, popcnt, lzcnt, tsc, tscinvbit, avx, avx2, aes, erms, clmul, bmi1, bmi2, adx, sha, fma, vzeroupper, clflush, clflushopt, clwb

Memory: 4k page, system-wide physical 16123M (3426M free)
TotalPageFile size 32507M (AvailPageFile size 4M)
current process WorkingSet (physical memory assigned to process): 1940M, peak: 2827M
current process commit charge ("private bytes"): 2161M, peak: 3050M

vm_info: Java HotSpot(TM) 64-Bit Server VM (17.0.12+8-LTS-286) for windows-amd64 JRE (17.0.12+8-LTS-286), built on Jun  5 2024 06:46:59 by "mach5one" with MS VC++ 17.6 (VS2022)

END.
